,Chemical.name,Model,xfree,PredFoldChange,PredFracChange
1,Cisapride,in vivo Linear,0.001,1.005978477,0.005978477
2,Cisapride,in vivo Linear,0.001122018,1.006707962,0.006707962
3,Cisapride,in vivo Linear,0.001258925,1.007526457,0.007526457
4,Cisapride,in vivo Linear,0.001412538,1.008444824,0.008444824
5,Cisapride,in vivo Linear,0.001584893,1.009475248,0.009475248
6,Cisapride,in vivo Linear,0.001778279,1.010631403,0.010631403
7,Cisapride,in vivo Linear,0.001995262,1.011928631,0.011928631
8,Cisapride,in vivo Linear,0.002238721,1.013384144,0.013384144
9,Cisapride,in vivo Linear,0.002511886,1.015017256,0.015017256
10,Cisapride,in vivo Linear,0.002818383,1.016849639,0.016849639
11,Cisapride,in vivo Linear,0.003162278,1.018905606,0.018905606
12,Cisapride,in vivo Linear,0.003548134,1.021212439,0.021212439
13,Cisapride,in vivo Linear,0.003981072,1.023800748,0.023800748
14,Cisapride,in vivo Linear,0.004466836,1.026704878,0.026704878
15,Cisapride,in vivo Linear,0.005011872,1.029963366,0.029963366
16,Cisapride,in vivo Linear,0.005623413,1.033619449,0.033619449
17,Cisapride,in vivo Linear,0.006309573,1.037721643,0.037721643
18,Cisapride,in vivo Linear,0.007079458,1.042324379,0.042324379
19,Cisapride,in vivo Linear,0.007943282,1.047488735,0.047488735
20,Cisapride,in vivo Linear,0.008912509,1.053283237,0.053283237
21,Cisapride,in vivo Linear,0.01,1.059784775,0.059784775
22,Cisapride,in vivo Linear,0.011220185,1.067079621,0.067079621
23,Cisapride,in vivo Linear,0.012589254,1.075264572,0.075264572
24,Cisapride,in vivo Linear,0.014125375,1.084448239,0.084448239
25,Cisapride,in vivo Linear,0.015848932,1.094752483,0.094752483
26,Cisapride,in vivo Linear,0.017782794,1.106314034,0.106314034
27,Cisapride,in vivo Linear,0.019952623,1.119286308,0.119286308
28,Cisapride,in vivo Linear,0.022387211,1.133841439,0.133841439
29,Cisapride,in vivo Linear,0.025118864,1.150172565,0.150172565
30,Cisapride,in vivo Linear,0.028183829,1.168496389,0.168496389
31,Cisapride,in vivo Linear,0.031622777,1.189056058,0.189056058
32,Cisapride,in vivo Linear,0.035481339,1.212124386,0.212124386
33,Citalopram,in vivo Linear,0.001,1.000152654,0.000152654
34,Citalopram,in vivo Linear,0.001122018,1.000171281,0.000171281
35,Citalopram,in vivo Linear,0.001258925,1.00019218,0.00019218
36,Citalopram,in vivo Linear,0.001412538,1.00021563,0.00021563
37,Citalopram,in vivo Linear,0.001584893,1.00024194,0.00024194
38,Citalopram,in vivo Linear,0.001778279,1.000271462,0.000271462
39,Citalopram,in vivo Linear,0.001995262,1.000304585,0.000304585
40,Citalopram,in vivo Linear,0.002238721,1.00034175,0.00034175
41,Citalopram,in vivo Linear,0.002511886,1.00038345,0.00038345
42,Citalopram,in vivo Linear,0.002818383,1.000430238,0.000430238
43,Citalopram,in vivo Linear,0.003162278,1.000482735,0.000482735
44,Citalopram,in vivo Linear,0.003548134,1.000541637,0.000541637
45,Citalopram,in vivo Linear,0.003981072,1.000607727,0.000607727
46,Citalopram,in vivo Linear,0.004466836,1.000681881,0.000681881
47,Citalopram,in vivo Linear,0.005011872,1.000765083,0.000765083
48,Citalopram,in vivo Linear,0.005623413,1.000858437,0.000858437
49,Citalopram,in vivo Linear,0.006309573,1.000963182,0.000963182
50,Citalopram,in vivo Linear,0.007079458,1.001080708,0.001080708
51,Citalopram,in vivo Linear,0.007943282,1.001212575,0.001212575
52,Citalopram,in vivo Linear,0.008912509,1.001360531,0.001360531
53,Citalopram,in vivo Linear,0.01,1.001526541,0.001526541
54,Citalopram,in vivo Linear,0.011220185,1.001712807,0.001712807
55,Citalopram,in vivo Linear,0.012589254,1.001921801,0.001921801
56,Citalopram,in vivo Linear,0.014125375,1.002156297,0.002156297
57,Citalopram,in vivo Linear,0.015848932,1.002419405,0.002419405
58,Citalopram,in vivo Linear,0.017782794,1.002714617,0.002714617
59,Citalopram,in vivo Linear,0.019952623,1.00304585,0.00304585
60,Citalopram,in vivo Linear,0.022387211,1.0034175,0.0034175
61,Citalopram,in vivo Linear,0.025118864,1.003834498,0.003834498
62,Citalopram,in vivo Linear,0.028183829,1.004302378,0.004302378
63,Citalopram,in vivo Linear,0.031622777,1.004827347,0.004827347
64,Citalopram,in vivo Linear,0.035481339,1.005416372,0.005416372
65,Citalopram,in vivo Linear,0.039810717,1.00607727,0.00607727
66,Citalopram,in vivo Linear,0.044668359,1.006818809,0.006818809
67,Citalopram,in vivo Linear,0.050118723,1.007650829,0.007650829
68,Citalopram,in vivo Linear,0.056234133,1.008584372,0.008584372
69,Citalopram,in vivo Linear,0.063095734,1.009631824,0.009631824
70,Citalopram,in vivo Linear,0.070794578,1.010807084,0.010807084
71,Citalopram,in vivo Linear,0.079432823,1.012125748,0.012125748
72,Citalopram,in vivo Linear,0.089125094,1.013605313,0.013605313
73,Citalopram,in vivo Linear,0.1,1.015265412,0.015265412
74,Citalopram,in vivo Linear,0.112201845,1.017128074,0.017128074
75,Citalopram,in vivo Linear,0.125892541,1.019218015,0.019218015
76,Citalopram,in vivo Linear,0.141253754,1.021562967,0.021562967
77,Citalopram,in vivo Linear,0.158489319,1.024194047,0.024194047
78,Citalopram,in vivo Linear,0.177827941,1.027146167,0.027146167
79,Citalopram,in vivo Linear,0.199526231,1.030458501,0.030458501
80,Citalopram,in vivo Linear,0.223872114,1.034175,0.034175
81,Citalopram,in vivo Linear,0.251188643,1.038344981,0.038344981
82,Citalopram,in vivo Linear,0.281838293,1.043023776,0.043023776
83,Citalopram,in vivo Linear,0.316227766,1.048273471,0.048273471
84,Citalopram,in vivo Linear,0.354813389,1.054163725,0.054163725
85,Citalopram,in vivo Linear,0.398107171,1.060772699,0.060772699
86,Citalopram,in vivo Linear,0.446683592,1.06818809,0.06818809
87,Citalopram,in vivo Linear,0.501187234,1.076508295,0.076508295
88,Citalopram,in vivo Linear,0.562341325,1.085843719,0.085843719
89,Citalopram,in vivo Linear,0.630957344,1.096318237,0.096318237
90,Citalopram,in vivo Linear,0.707945784,1.108070839,0.108070839
91,Citalopram,in vivo Linear,0.794328235,1.121257476,0.121257476
92,Citalopram,in vivo Linear,0.891250938,1.136053126,0.136053126
93,Citalopram,in vivo Linear,1,1.152654118,0.152654118
94,Disopyramide,in vivo Linear,0.001,1.000033384,3.34E-05
95,Disopyramide,in vivo Linear,0.001122018,1.000037458,3.75E-05
96,Disopyramide,in vivo Linear,0.001258925,1.000042028,4.20E-05
97,Disopyramide,in vivo Linear,0.001412538,1.000047156,4.72E-05
98,Disopyramide,in vivo Linear,0.001584893,1.00005291,5.29E-05
99,Disopyramide,in vivo Linear,0.001778279,1.000059366,5.94E-05
100,Disopyramide,in vivo Linear,0.001995262,1.00006661,6.66E-05
101,Disopyramide,in vivo Linear,0.002238721,1.000074738,7.47E-05
102,Disopyramide,in vivo Linear,0.002511886,1.000083857,8.39E-05
103,Disopyramide,in vivo Linear,0.002818383,1.000094089,9.41E-05
104,Disopyramide,in vivo Linear,0.003162278,1.00010557,0.00010557
105,Disopyramide,in vivo Linear,0.003548134,1.000118451,0.000118451
106,Disopyramide,in vivo Linear,0.003981072,1.000132905,0.000132905
107,Disopyramide,in vivo Linear,0.004466836,1.000149122,0.000149122
108,Disopyramide,in vivo Linear,0.005011872,1.000167317,0.000167317
109,Disopyramide,in vivo Linear,0.005623413,1.000187733,0.000187733
110,Disopyramide,in vivo Linear,0.006309573,1.00021064,0.00021064
111,Disopyramide,in vivo Linear,0.007079458,1.000236342,0.000236342
112,Disopyramide,in vivo Linear,0.007943282,1.00026518,0.00026518
113,Disopyramide,in vivo Linear,0.008912509,1.000297537,0.000297537
114,Disopyramide,in vivo Linear,0.01,1.000333842,0.000333842
115,Disopyramide,in vivo Linear,0.011220185,1.000374577,0.000374577
116,Disopyramide,in vivo Linear,0.012589254,1.000420282,0.000420282
117,Disopyramide,in vivo Linear,0.014125375,1.000471564,0.000471564
118,Disopyramide,in vivo Linear,0.015848932,1.000529103,0.000529103
119,Disopyramide,in vivo Linear,0.017782794,1.000593664,0.000593664
120,Disopyramide,in vivo Linear,0.019952623,1.000666102,0.000666102
121,Disopyramide,in vivo Linear,0.022387211,1.000747378,0.000747378
122,Disopyramide,in vivo Linear,0.025118864,1.000838572,0.000838572
123,Disopyramide,in vivo Linear,0.028183829,1.000940894,0.000940894
124,Disopyramide,in vivo Linear,0.031622777,1.0010557,0.0010557
125,Disopyramide,in vivo Linear,0.035481339,1.001184515,0.001184515
126,Disopyramide,in vivo Linear,0.039810717,1.001329048,0.001329048
127,Disopyramide,in vivo Linear,0.044668359,1.001491216,0.001491216
128,Disopyramide,in vivo Linear,0.050118723,1.001673172,0.001673172
129,Disopyramide,in vivo Linear,0.056234133,1.00187733,0.00187733
130,Disopyramide,in vivo Linear,0.063095734,1.002106399,0.002106399
131,Disopyramide,in vivo Linear,0.070794578,1.002363418,0.002363418
132,Disopyramide,in vivo Linear,0.079432823,1.002651799,0.002651799
133,Disopyramide,in vivo Linear,0.089125094,1.002975367,0.002975367
134,Disopyramide,in vivo Linear,0.1,1.003338417,0.003338417
135,Disopyramide,in vivo Linear,0.112201845,1.003745765,0.003745765
136,Disopyramide,in vivo Linear,0.125892541,1.004202818,0.004202818
137,Disopyramide,in vivo Linear,0.141253754,1.004715639,0.004715639
138,Disopyramide,in vivo Linear,0.158489319,1.005291034,0.005291034
139,Disopyramide,in vivo Linear,0.177827941,1.005936638,0.005936638
140,Disopyramide,in vivo Linear,0.199526231,1.006661017,0.006661017
141,Disopyramide,in vivo Linear,0.223872114,1.007473784,0.007473784
142,Disopyramide,in vivo Linear,0.251188643,1.008385724,0.008385724
143,Disopyramide,in vivo Linear,0.281838293,1.009408937,0.009408937
144,Disopyramide,in vivo Linear,0.316227766,1.010557,0.010557
145,Disopyramide,in vivo Linear,0.354813389,1.011845149,0.011845149
146,Disopyramide,in vivo Linear,0.398107171,1.013290476,0.013290476
147,Disopyramide,in vivo Linear,0.446683592,1.014912159,0.014912159
148,Disopyramide,in vivo Linear,0.501187234,1.016731718,0.016731718
149,Disopyramide,in vivo Linear,0.562341325,1.018773297,0.018773297
150,Disopyramide,in vivo Linear,0.630957344,1.021063985,0.021063985
151,Disopyramide,in vivo Linear,0.707945784,1.02363418,0.02363418
152,Disopyramide,in vivo Linear,0.794328235,1.026517986,0.026517986
153,Disopyramide,in vivo Linear,0.891250938,1.02975367,0.02975367
154,Disopyramide,in vivo Linear,1,1.033384167,0.033384167
155,Disopyramide,in vivo Linear,1.122018454,1.037457651,0.037457651
156,Disopyramide,in vivo Linear,1.258925412,1.042028176,0.042028176
157,Disopyramide,in vivo Linear,1.412537545,1.047156389,0.047156389
158,Disopyramide,in vivo Linear,1.584893192,1.052910338,0.052910338
159,Disopyramide,in vivo Linear,1.77827941,1.059366376,0.059366376
160,Disopyramide,in vivo Linear,1.995262315,1.06661017,0.06661017
161,Disopyramide,in vivo Linear,2.238721139,1.07473784,0.07473784
162,Disopyramide,in vivo Linear,2.511886432,1.083857235,0.083857235
163,Disopyramide,in vivo Linear,2.818382931,1.094089366,0.094089366
164,Disopyramide,in vivo Linear,3.16227766,1.105570004,0.105570004
165,Disopyramide,in vivo Hill,0.001,1.000034201,3.42E-05
166,Disopyramide,in vivo Hill,0.001122018,1.000038373,3.84E-05
167,Disopyramide,in vivo Hill,0.001258925,1.000043054,4.31E-05
168,Disopyramide,in vivo Hill,0.001412538,1.000048307,4.83E-05
169,Disopyramide,in vivo Hill,0.001584893,1.0000542,5.42E-05
170,Disopyramide,in vivo Hill,0.001778279,1.000060811,6.08E-05
171,Disopyramide,in vivo Hill,0.001995262,1.000068229,6.82E-05
172,Disopyramide,in vivo Hill,0.002238721,1.000076551,7.66E-05
173,Disopyramide,in vivo Hill,0.002511886,1.000085888,8.59E-05
174,Disopyramide,in vivo Hill,0.002818383,1.000096363,9.64E-05
175,Disopyramide,in vivo Hill,0.003162278,1.000108115,0.000108115
176,Disopyramide,in vivo Hill,0.003548134,1.0001213,0.0001213
177,Disopyramide,in vivo Hill,0.003981072,1.000136092,0.000136092
178,Disopyramide,in vivo Hill,0.004466836,1.000152686,0.000152686
179,Disopyramide,in vivo Hill,0.005011872,1.000171301,0.000171301
180,Disopyramide,in vivo Hill,0.005623413,1.000192185,0.000192185
181,Disopyramide,in vivo Hill,0.006309573,1.000215611,0.000215611
182,Disopyramide,in vivo Hill,0.007079458,1.00024189,0.00024189
183,Disopyramide,in vivo Hill,0.007943282,1.000271369,0.000271369
184,Disopyramide,in vivo Hill,0.008912509,1.000304434,0.000304434
185,Disopyramide,in vivo Hill,0.01,1.000341522,0.000341522
186,Disopyramide,in vivo Hill,0.011220185,1.00038312,0.00038312
187,Disopyramide,in vivo Hill,0.012589254,1.000429775,0.000429775
188,Disopyramide,in vivo Hill,0.014125375,1.000482099,0.000482099
189,Disopyramide,in vivo Hill,0.015848932,1.000540777,0.000540777
190,Disopyramide,in vivo Hill,0.017782794,1.000606576,0.000606576
191,Disopyramide,in vivo Hill,0.019952623,1.000680357,0.000680357
192,Disopyramide,in vivo Hill,0.022387211,1.000763081,0.000763081
193,Disopyramide,in vivo Hill,0.025118864,1.000855823,0.000855823
194,Disopyramide,in vivo Hill,0.028183829,1.000959786,0.000959786
195,Disopyramide,in vivo Hill,0.031622777,1.001076315,0.001076315
196,Disopyramide,in vivo Hill,0.035481339,1.001206913,0.001206913
197,Disopyramide,in vivo Hill,0.039810717,1.001353258,0.001353258
198,Disopyramide,in vivo Hill,0.044668359,1.001517223,0.001517223
199,Disopyramide,in vivo Hill,0.050118723,1.001700897,0.001700897
200,Disopyramide,in vivo Hill,0.056234133,1.00190661,0.00190661
201,Disopyramide,in vivo Hill,0.063095734,1.002136955,0.002136955
202,Disopyramide,in vivo Hill,0.070794578,1.002394817,0.002394817
203,Disopyramide,in vivo Hill,0.079432823,1.002683407,0.002683407
204,Disopyramide,in vivo Hill,0.089125094,1.003006284,0.003006284
205,Disopyramide,in vivo Hill,0.1,1.003367399,0.003367399
206,Disopyramide,in vivo Hill,0.112201845,1.003771125,0.003771125
207,Disopyramide,in vivo Hill,0.125892541,1.004222296,0.004222296
208,Disopyramide,in vivo Hill,0.141253754,1.004726244,0.004726244
209,Disopyramide,in vivo Hill,0.158489319,1.005288841,0.005288841
210,Disopyramide,in vivo Hill,0.177827941,1.005916537,0.005916537
211,Disopyramide,in vivo Hill,0.199526231,1.006616396,0.006616396
212,Disopyramide,in vivo Hill,0.223872114,1.007396131,0.007396131
213,Disopyramide,in vivo Hill,0.251188643,1.008264138,0.008264138
214,Disopyramide,in vivo Hill,0.281838293,1.009229517,0.009229517
215,Disopyramide,in vivo Hill,0.316227766,1.010302086,0.010302086
216,Disopyramide,in vivo Hill,0.354813389,1.011492386,0.011492386
217,Disopyramide,in vivo Hill,0.398107171,1.012811666,0.012811666
218,Disopyramide,in vivo Hill,0.446683592,1.014271848,0.014271848
219,Disopyramide,in vivo Hill,0.501187234,1.015885469,0.015885469
220,Disopyramide,in vivo Hill,0.562341325,1.017665589,0.017665589
221,Disopyramide,in vivo Hill,0.630957344,1.019625668,0.019625668
222,Disopyramide,in vivo Hill,0.707945784,1.0217794,0.0217794
223,Disopyramide,in vivo Hill,0.794328235,1.024140493,0.024140493
224,Disopyramide,in vivo Hill,0.891250938,1.026722414,0.026722414
225,Disopyramide,in vivo Hill,1,1.029538066,0.029538066
226,Disopyramide,in vivo Hill,1.122018454,1.032599416,0.032599416
227,Disopyramide,in vivo Hill,1.258925412,1.035917077,0.035917077
228,Disopyramide,in vivo Hill,1.412537545,1.039499834,0.039499834
229,Disopyramide,in vivo Hill,1.584893192,1.043354148,0.043354148
230,Disopyramide,in vivo Hill,1.77827941,1.047483631,0.047483631
231,Disopyramide,in vivo Hill,1.995262315,1.051888535,0.051888535
232,Disopyramide,in vivo Hill,2.238721139,1.056565267,0.056565267
233,Disopyramide,in vivo Hill,2.511886432,1.061505963,0.061505963
234,Disopyramide,in vivo Hill,2.818382931,1.066698174,0.066698174
235,Disopyramide,in vivo Hill,3.16227766,1.072124663,0.072124663
236,Disopyramide,in vivo Hill,3.548133892,1.077763376,0.077763376
237,Disopyramide,in vivo Hill,3.981071706,1.083587601,0.083587601
238,Disopyramide,in vivo Hill,4.466835922,1.089566314,0.089566314
239,Disopyramide,in vivo Hill,5.011872336,1.09566474,0.09566474
240,Disopyramide,in vivo Hill,5.623413252,1.101845091,0.101845091
241,Disopyramide,in vivo Hill,6.309573445,1.108067466,0.108067466
242,Disopyramide,in vivo Hill,7.079457844,1.114290865,0.114290865
243,Disopyramide,in vivo Hill,7.943282347,1.120474259,0.120474259
244,Dofetilide,in vivo Hill,0.001,1.00334653,0.00334653
245,Dofetilide,in vivo Hill,0.001122018,1.004655641,0.004655641
246,Dofetilide,in vivo Hill,0.001258925,1.006467464,0.006467464
247,Dofetilide,in vivo Hill,0.001412538,1.008966392,0.008966392
248,Dofetilide,in vivo Hill,0.001584893,1.012396622,0.012396622
249,Dofetilide,in vivo Hill,0.001778279,1.017074567,0.017074567
250,Dofetilide,in vivo Hill,0.001995262,1.023397553,0.023397553
251,Dofetilide,in vivo Hill,0.002238721,1.031842045,0.031842045
252,Dofetilide,in vivo Hill,0.002511886,1.042940763,0.042940763
253,Dofetilide,in vivo Hill,0.002818383,1.057225027,0.057225027
254,Dofetilide,in vivo Hill,0.003162278,1.075120685,0.075120685
255,Dofetilide,in vivo Hill,0.003548134,1.09679945,0.09679945
256,Dofetilide,in vivo Hill,0.003981072,1.122016447,0.122016447
257,Moxifloxacin,in vivo Linear,0.001,1.000006758,6.76E-06
258,Moxifloxacin,in vivo Linear,0.001122018,1.000007582,7.58E-06
259,Moxifloxacin,in vivo Linear,0.001258925,1.000008507,8.51E-06
260,Moxifloxacin,in vivo Linear,0.001412538,1.000009545,9.55E-06
261,Moxifloxacin,in vivo Linear,0.001584893,1.00001071,1.07E-05
262,Moxifloxacin,in vivo Linear,0.001778279,1.000012017,1.20E-05
263,Moxifloxacin,in vivo Linear,0.001995262,1.000013483,1.35E-05
264,Moxifloxacin,in vivo Linear,0.002238721,1.000015128,1.51E-05
265,Moxifloxacin,in vivo Linear,0.002511886,1.000016974,1.70E-05
266,Moxifloxacin,in vivo Linear,0.002818383,1.000019045,1.90E-05
267,Moxifloxacin,in vivo Linear,0.003162278,1.000021369,2.14E-05
268,Moxifloxacin,in vivo Linear,0.003548134,1.000023977,2.40E-05
269,Moxifloxacin,in vivo Linear,0.003981072,1.000026902,2.69E-05
270,Moxifloxacin,in vivo Linear,0.004466836,1.000030185,3.02E-05
271,Moxifloxacin,in vivo Linear,0.005011872,1.000033868,3.39E-05
272,Moxifloxacin,in vivo Linear,0.005623413,1.000038001,3.80E-05
273,Moxifloxacin,in vivo Linear,0.006309573,1.000042637,4.26E-05
274,Moxifloxacin,in vivo Linear,0.007079458,1.00004784,4.78E-05
275,Moxifloxacin,in vivo Linear,0.007943282,1.000053677,5.37E-05
276,Moxifloxacin,in vivo Linear,0.008912509,1.000060227,6.02E-05
277,Moxifloxacin,in vivo Linear,0.01,1.000067576,6.76E-05
278,Moxifloxacin,in vivo Linear,0.011220185,1.000075821,7.58E-05
279,Moxifloxacin,in vivo Linear,0.012589254,1.000085073,8.51E-05
280,Moxifloxacin,in vivo Linear,0.014125375,1.000095453,9.55E-05
281,Moxifloxacin,in vivo Linear,0.015848932,1.0001071,0.0001071
282,Moxifloxacin,in vivo Linear,0.017782794,1.000120169,0.000120169
283,Moxifloxacin,in vivo Linear,0.019952623,1.000134831,0.000134831
284,Moxifloxacin,in vivo Linear,0.022387211,1.000151283,0.000151283
285,Moxifloxacin,in vivo Linear,0.025118864,1.000169743,0.000169743
286,Moxifloxacin,in vivo Linear,0.028183829,1.000190454,0.000190454
287,Moxifloxacin,in vivo Linear,0.031622777,1.000213693,0.000213693
288,Moxifloxacin,in vivo Linear,0.035481339,1.000239768,0.000239768
289,Moxifloxacin,in vivo Linear,0.039810717,1.000269024,0.000269024
290,Moxifloxacin,in vivo Linear,0.044668359,1.00030185,0.00030185
291,Moxifloxacin,in vivo Linear,0.050118723,1.000338681,0.000338681
292,Moxifloxacin,in vivo Linear,0.056234133,1.000380006,0.000380006
293,Moxifloxacin,in vivo Linear,0.063095734,1.000426374,0.000426374
294,Moxifloxacin,in vivo Linear,0.070794578,1.0004784,0.0004784
295,Moxifloxacin,in vivo Linear,0.079432823,1.000536773,0.000536773
296,Moxifloxacin,in vivo Linear,0.089125094,1.00060227,0.00060227
297,Moxifloxacin,in vivo Linear,0.1,1.000675758,0.000675758
298,Moxifloxacin,in vivo Linear,0.112201845,1.000758212,0.000758212
299,Moxifloxacin,in vivo Linear,0.125892541,1.000850728,0.000850728
300,Moxifloxacin,in vivo Linear,0.141253754,1.000954533,0.000954533
301,Moxifloxacin,in vivo Linear,0.158489319,1.001071004,0.001071004
302,Moxifloxacin,in vivo Linear,0.177827941,1.001201686,0.001201686
303,Moxifloxacin,in vivo Linear,0.199526231,1.001348314,0.001348314
304,Moxifloxacin,in vivo Linear,0.223872114,1.001512833,0.001512833
305,Moxifloxacin,in vivo Linear,0.251188643,1.001697426,0.001697426
306,Moxifloxacin,in vivo Linear,0.281838293,1.001904544,0.001904544
307,Moxifloxacin,in vivo Linear,0.316227766,1.002136933,0.002136933
308,Moxifloxacin,in vivo Linear,0.354813389,1.002397678,0.002397678
309,Moxifloxacin,in vivo Linear,0.398107171,1.002690239,0.002690239
310,Moxifloxacin,in vivo Linear,0.446683592,1.003018498,0.003018498
311,Moxifloxacin,in vivo Linear,0.501187234,1.003386811,0.003386811
312,Moxifloxacin,in vivo Linear,0.562341325,1.003800064,0.003800064
313,Moxifloxacin,in vivo Linear,0.630957344,1.004263742,0.004263742
314,Moxifloxacin,in vivo Linear,0.707945784,1.004783997,0.004783997
315,Moxifloxacin,in vivo Linear,0.794328235,1.005367733,0.005367733
316,Moxifloxacin,in vivo Linear,0.891250938,1.006022696,0.006022696
317,Moxifloxacin,in vivo Linear,1,1.006757576,0.006757576
318,Moxifloxacin,in vivo Linear,1.122018454,1.007582125,0.007582125
319,Moxifloxacin,in vivo Linear,1.258925412,1.008507284,0.008507284
320,Moxifloxacin,in vivo Linear,1.412537545,1.009545329,0.009545329
321,Moxifloxacin,in vivo Linear,1.584893192,1.010710036,0.010710036
322,Moxifloxacin,in vivo Linear,1.77827941,1.012016858,0.012016858
323,Moxifloxacin,in vivo Linear,1.995262315,1.013483136,0.013483136
324,Moxifloxacin,in vivo Linear,2.238721139,1.015128328,0.015128328
325,Moxifloxacin,in vivo Linear,2.511886432,1.016974263,0.016974263
326,N-acetylprocainamide,in vivo Linear,0.001,1.000001902,1.90E-06
327,N-acetylprocainamide,in vivo Linear,0.001122018,1.000002134,2.13E-06
328,N-acetylprocainamide,in vivo Linear,0.001258925,1.000002394,2.39E-06
329,N-acetylprocainamide,in vivo Linear,0.001412538,1.000002686,2.69E-06
330,N-acetylprocainamide,in vivo Linear,0.001584893,1.000003014,3.01E-06
331,N-acetylprocainamide,in vivo Linear,0.001778279,1.000003382,3.38E-06
332,N-acetylprocainamide,in vivo Linear,0.001995262,1.000003795,3.79E-06
333,N-acetylprocainamide,in vivo Linear,0.002238721,1.000004258,4.26E-06
334,N-acetylprocainamide,in vivo Linear,0.002511886,1.000004777,4.78E-06
335,N-acetylprocainamide,in vivo Linear,0.002818383,1.00000536,5.36E-06
336,N-acetylprocainamide,in vivo Linear,0.003162278,1.000006014,6.01E-06
337,N-acetylprocainamide,in vivo Linear,0.003548134,1.000006748,6.75E-06
338,N-acetylprocainamide,in vivo Linear,0.003981072,1.000007571,7.57E-06
339,N-acetylprocainamide,in vivo Linear,0.004466836,1.000008495,8.50E-06
340,N-acetylprocainamide,in vivo Linear,0.005011872,1.000009532,9.53E-06
341,N-acetylprocainamide,in vivo Linear,0.005623413,1.000010695,1.07E-05
342,N-acetylprocainamide,in vivo Linear,0.006309573,1.000012,1.20E-05
343,N-acetylprocainamide,in vivo Linear,0.007079458,1.000013464,1.35E-05
344,N-acetylprocainamide,in vivo Linear,0.007943282,1.000015107,1.51E-05
345,N-acetylprocainamide,in vivo Linear,0.008912509,1.00001695,1.69E-05
346,N-acetylprocainamide,in vivo Linear,0.01,1.000019018,1.90E-05
347,N-acetylprocainamide,in vivo Linear,0.011220185,1.000021339,2.13E-05
348,N-acetylprocainamide,in vivo Linear,0.012589254,1.000023942,2.39E-05
349,N-acetylprocainamide,in vivo Linear,0.014125375,1.000026864,2.69E-05
350,N-acetylprocainamide,in vivo Linear,0.015848932,1.000030142,3.01E-05
351,N-acetylprocainamide,in vivo Linear,0.017782794,1.00003382,3.38E-05
352,N-acetylprocainamide,in vivo Linear,0.019952623,1.000037946,3.79E-05
353,N-acetylprocainamide,in vivo Linear,0.022387211,1.000042576,4.26E-05
354,N-acetylprocainamide,in vivo Linear,0.025118864,1.000047772,4.78E-05
355,N-acetylprocainamide,in vivo Linear,0.028183829,1.000053601,5.36E-05
356,N-acetylprocainamide,in vivo Linear,0.031622777,1.000060141,6.01E-05
357,N-acetylprocainamide,in vivo Linear,0.035481339,1.000067479,6.75E-05
358,N-acetylprocainamide,in vivo Linear,0.039810717,1.000075713,7.57E-05
359,N-acetylprocainamide,in vivo Linear,0.044668359,1.000084951,8.50E-05
360,N-acetylprocainamide,in vivo Linear,0.050118723,1.000095317,9.53E-05
361,N-acetylprocainamide,in vivo Linear,0.056234133,1.000106947,0.000106947
362,N-acetylprocainamide,in vivo Linear,0.063095734,1.000119997,0.000119997
363,N-acetylprocainamide,in vivo Linear,0.070794578,1.000134638,0.000134638
364,N-acetylprocainamide,in vivo Linear,0.079432823,1.000151067,0.000151067
365,N-acetylprocainamide,in vivo Linear,0.089125094,1.0001695,0.0001695
366,N-acetylprocainamide,in vivo Linear,0.1,1.000190182,0.000190182
367,N-acetylprocainamide,in vivo Linear,0.112201845,1.000213388,0.000213388
368,N-acetylprocainamide,in vivo Linear,0.125892541,1.000239425,0.000239425
369,N-acetylprocainamide,in vivo Linear,0.141253754,1.000268639,0.000268639
370,N-acetylprocainamide,in vivo Linear,0.158489319,1.000301418,0.000301418
371,N-acetylprocainamide,in vivo Linear,0.177827941,1.000338196,0.000338196
372,N-acetylprocainamide,in vivo Linear,0.199526231,1.000379463,0.000379463
373,N-acetylprocainamide,in vivo Linear,0.223872114,1.000425764,0.000425764
374,N-acetylprocainamide,in vivo Linear,0.251188643,1.000477715,0.000477715
375,N-acetylprocainamide,in vivo Linear,0.281838293,1.000536005,0.000536005
376,N-acetylprocainamide,in vivo Linear,0.316227766,1.000601408,0.000601408
377,N-acetylprocainamide,in vivo Linear,0.354813389,1.000674791,0.000674791
378,N-acetylprocainamide,in vivo Linear,0.398107171,1.000757127,0.000757127
379,N-acetylprocainamide,in vivo Linear,0.446683592,1.000849511,0.000849511
380,N-acetylprocainamide,in vivo Linear,0.501187234,1.000953167,0.000953167
381,N-acetylprocainamide,in vivo Linear,0.562341325,1.001069471,0.001069471
382,N-acetylprocainamide,in vivo Linear,0.630957344,1.001199966,0.001199966
383,N-acetylprocainamide,in vivo Linear,0.707945784,1.001346384,0.001346384
384,N-acetylprocainamide,in vivo Linear,0.794328235,1.001510668,0.001510668
385,N-acetylprocainamide,in vivo Linear,0.891250938,1.001694997,0.001694997
386,N-acetylprocainamide,in vivo Linear,1,1.001901818,0.001901818
387,N-acetylprocainamide,in vivo Linear,1.122018454,1.002133875,0.002133875
388,N-acetylprocainamide,in vivo Linear,1.258925412,1.002394247,0.002394247
389,N-acetylprocainamide,in vivo Linear,1.412537545,1.00268639,0.00268639
390,N-acetylprocainamide,in vivo Linear,1.584893192,1.003014179,0.003014179
391,N-acetylprocainamide,in vivo Linear,1.77827941,1.003381964,0.003381964
392,N-acetylprocainamide,in vivo Linear,1.995262315,1.003794626,0.003794626
393,N-acetylprocainamide,in vivo Linear,2.238721139,1.004257641,0.004257641
394,N-acetylprocainamide,in vivo Linear,2.511886432,1.004777151,0.004777151
395,N-acetylprocainamide,in vivo Linear,2.818382931,1.005360052,0.005360052
396,N-acetylprocainamide,in vivo Linear,3.16227766,1.006014077,0.006014077
397,N-acetylprocainamide,in vivo Linear,3.548133892,1.006747906,0.006747906
398,N-acetylprocainamide,in vivo Linear,3.981071706,1.007571275,0.007571275
399,N-acetylprocainamide,in vivo Linear,4.466835922,1.00849511,0.00849511
400,N-acetylprocainamide,in vivo Linear,5.011872336,1.00953167,0.00953167
401,N-acetylprocainamide,in vivo Linear,5.623413252,1.01069471,0.01069471
402,N-acetylprocainamide,in vivo Linear,6.309573445,1.011999661,0.011999661
403,N-acetylprocainamide,in vivo Linear,7.079457844,1.013463842,0.013463842
404,N-acetylprocainamide,in vivo Linear,7.943282347,1.015106679,0.015106679
405,N-acetylprocainamide,in vivo Linear,8.912509381,1.016949972,0.016949972
406,N-acetylprocainamide,in vivo Linear,10,1.019018182,0.019018182
407,N-acetylprocainamide,in vivo Linear,11.22018454,1.021338751,0.021338751
408,N-acetylprocainamide,in vivo Linear,12.58925412,1.023942472,0.023942472
409,N-acetylprocainamide,in vivo Linear,14.12537545,1.026863896,0.026863896
410,N-acetylprocainamide,in vivo Linear,15.84893192,1.030141787,0.030141787
411,N-acetylprocainamide,in vivo Linear,17.7827941,1.033819641,0.033819641
412,N-acetylprocainamide,in vivo Linear,19.95262315,1.037946261,0.037946261
413,N-acetylprocainamide,in vivo Linear,22.38721139,1.042576406,0.042576406
414,N-acetylprocainamide,in vivo Linear,25.11886432,1.047771513,0.047771513
415,N-acetylprocainamide,in vivo Linear,28.18382931,1.053600519,0.053600519
416,N-acetylprocainamide,in vivo Linear,31.6227766,1.060140772,0.060140772
417,N-acetylprocainamide,in vivo Linear,35.48133892,1.067479055,0.067479055
418,N-acetylprocainamide,in vivo Linear,39.81071706,1.075712746,0.075712746
419,N-acetylprocainamide,in vivo Linear,44.66835922,1.084951098,0.084951098
420,N-acetylprocainamide,in vivo Linear,50.11872336,1.095316699,0.095316699
421,N-acetylprocainamide,in vivo Linear,56.23413252,1.106947096,0.106947096
422,N-acetylprocainamide,in vivo Linear,63.09573445,1.119996615,0.119996615
423,N-acetylprocainamide,in vivo Linear,70.79457844,1.134638416,0.134638416
424,N-acetylprocainamide,in vivo Linear,79.43282347,1.151066788,0.151066788
425,N-acetylprocainamide,in vivo Linear,89.12509381,1.169499724,0.169499724
426,N-acetylprocainamide,in vivo Linear,100,1.190181818,0.190181818
427,N-acetylprocainamide,in vivo Hill,0.001,1.000013264,1.33E-05
428,N-acetylprocainamide,in vivo Hill,0.001122018,1.000014883,1.49E-05
429,N-acetylprocainamide,in vivo Hill,0.001258925,1.000016699,1.67E-05
430,N-acetylprocainamide,in vivo Hill,0.001412538,1.000018736,1.87E-05
431,N-acetylprocainamide,in vivo Hill,0.001584893,1.000021022,2.10E-05
432,N-acetylprocainamide,in vivo Hill,0.001778279,1.000023587,2.36E-05
433,N-acetylprocainamide,in vivo Hill,0.001995262,1.000026465,2.65E-05
434,N-acetylprocainamide,in vivo Hill,0.002238721,1.000029694,2.97E-05
435,N-acetylprocainamide,in vivo Hill,0.002511886,1.000033317,3.33E-05
436,N-acetylprocainamide,in vivo Hill,0.002818383,1.000037382,3.74E-05
437,N-acetylprocainamide,in vivo Hill,0.003162278,1.000041943,4.19E-05
438,N-acetylprocainamide,in vivo Hill,0.003548134,1.00004706,4.71E-05
439,N-acetylprocainamide,in vivo Hill,0.003981072,1.000052801,5.28E-05
440,N-acetylprocainamide,in vivo Hill,0.004466836,1.000059243,5.92E-05
441,N-acetylprocainamide,in vivo Hill,0.005011872,1.00006647,6.65E-05
442,N-acetylprocainamide,in vivo Hill,0.005623413,1.000074579,7.46E-05
443,N-acetylprocainamide,in vivo Hill,0.006309573,1.000083678,8.37E-05
444,N-acetylprocainamide,in vivo Hill,0.007079458,1.000093885,9.39E-05
445,N-acetylprocainamide,in vivo Hill,0.007943282,1.000105338,0.000105338
446,N-acetylprocainamide,in vivo Hill,0.008912509,1.000118187,0.000118187
447,N-acetylprocainamide,in vivo Hill,0.01,1.000132603,0.000132603
448,N-acetylprocainamide,in vivo Hill,0.011220185,1.000148777,0.000148777
449,N-acetylprocainamide,in vivo Hill,0.012589254,1.000166923,0.000166923
450,N-acetylprocainamide,in vivo Hill,0.014125375,1.00018728,0.00018728
451,N-acetylprocainamide,in vivo Hill,0.015848932,1.00021012,0.00021012
452,N-acetylprocainamide,in vivo Hill,0.017782794,1.000235743,0.000235743
453,N-acetylprocainamide,in vivo Hill,0.019952623,1.000264488,0.000264488
454,N-acetylprocainamide,in vivo Hill,0.022387211,1.000296735,0.000296735
455,N-acetylprocainamide,in vivo Hill,0.025118864,1.000332911,0.000332911
456,N-acetylprocainamide,in vivo Hill,0.028183829,1.000373493,0.000373493
457,N-acetylprocainamide,in vivo Hill,0.031622777,1.000419017,0.000419017
458,N-acetylprocainamide,in vivo Hill,0.035481339,1.000470083,0.000470083
459,N-acetylprocainamide,in vivo Hill,0.039810717,1.000527363,0.000527363
460,N-acetylprocainamide,in vivo Hill,0.044668359,1.000591613,0.000591613
461,N-acetylprocainamide,in vivo Hill,0.050118723,1.000663676,0.000663676
462,N-acetylprocainamide,in vivo Hill,0.056234133,1.000744501,0.000744501
463,N-acetylprocainamide,in vivo Hill,0.063095734,1.000835148,0.000835148
464,N-acetylprocainamide,in vivo Hill,0.070794578,1.000936804,0.000936804
465,N-acetylprocainamide,in vivo Hill,0.079432823,1.0010508,0.0010508
466,N-acetylprocainamide,in vivo Hill,0.089125094,1.001178626,0.001178626
467,N-acetylprocainamide,in vivo Hill,0.1,1.001321948,0.001321948
468,N-acetylprocainamide,in vivo Hill,0.112201845,1.001482631,0.001482631
469,N-acetylprocainamide,in vivo Hill,0.125892541,1.001662761,0.001662761
470,N-acetylprocainamide,in vivo Hill,0.141253754,1.00186467,0.00186467
471,N-acetylprocainamide,in vivo Hill,0.158489319,1.002090963,0.002090963
472,N-acetylprocainamide,in vivo Hill,0.177827941,1.00234455,0.00234455
473,N-acetylprocainamide,in vivo Hill,0.199526231,1.002628682,0.002628682
474,N-acetylprocainamide,in vivo Hill,0.223872114,1.002946984,0.002946984
475,N-acetylprocainamide,in vivo Hill,0.251188643,1.003303495,0.003303495
476,N-acetylprocainamide,in vivo Hill,0.281838293,1.00370272,0.00370272
477,N-acetylprocainamide,in vivo Hill,0.316227766,1.004149667,0.004149667
478,N-acetylprocainamide,in vivo Hill,0.354813389,1.00464991,0.00464991
479,N-acetylprocainamide,in vivo Hill,0.398107171,1.005209634,0.005209634
480,N-acetylprocainamide,in vivo Hill,0.446683592,1.005835704,0.005835704
481,N-acetylprocainamide,in vivo Hill,0.501187234,1.006535723,0.006535723
482,N-acetylprocainamide,in vivo Hill,0.562341325,1.007318097,0.007318097
483,N-acetylprocainamide,in vivo Hill,0.630957344,1.008192106,0.008192106
484,N-acetylprocainamide,in vivo Hill,0.707945784,1.009167975,0.009167975
485,N-acetylprocainamide,in vivo Hill,0.794328235,1.01025694,0.01025694
486,N-acetylprocainamide,in vivo Hill,0.891250938,1.011471317,0.011471317
487,N-acetylprocainamide,in vivo Hill,1,1.012824569,0.012824569
488,N-acetylprocainamide,in vivo Hill,1.122018454,1.014331359,0.014331359
489,N-acetylprocainamide,in vivo Hill,1.258925412,1.016007598,0.016007598
490,N-acetylprocainamide,in vivo Hill,1.412537545,1.017870478,0.017870478
491,N-acetylprocainamide,in vivo Hill,1.584893192,1.019938479,0.019938479
492,N-acetylprocainamide,in vivo Hill,1.77827941,1.022231355,0.022231355
493,N-acetylprocainamide,in vivo Hill,1.995262315,1.024770081,0.024770081
494,N-acetylprocainamide,in vivo Hill,2.238721139,1.027576763,0.027576763
495,N-acetylprocainamide,in vivo Hill,2.511886432,1.03067449,0.03067449
496,N-acetylprocainamide,in vivo Hill,2.818382931,1.034087129,0.034087129
497,N-acetylprocainamide,in vivo Hill,3.16227766,1.037839045,0.037839045
498,N-acetylprocainamide,in vivo Hill,3.548133892,1.041954746,0.041954746
499,N-acetylprocainamide,in vivo Hill,3.981071706,1.046458433,0.046458433
500,N-acetylprocainamide,in vivo Hill,4.466835922,1.05137346,0.05137346
501,N-acetylprocainamide,in vivo Hill,5.011872336,1.056721696,0.056721696
502,N-acetylprocainamide,in vivo Hill,5.623413252,1.062522792,0.062522792
503,N-acetylprocainamide,in vivo Hill,6.309573445,1.068793369,0.068793369
504,N-acetylprocainamide,in vivo Hill,7.079457844,1.075546129,0.075546129
505,N-acetylprocainamide,in vivo Hill,7.943282347,1.082788939,0.082788939
506,N-acetylprocainamide,in vivo Hill,8.912509381,1.090523899,0.090523899
507,N-acetylprocainamide,in vivo Hill,10,1.098746464,0.098746464
508,N-acetylprocainamide,in vivo Hill,11.22018454,1.107444655,0.107444655
509,N-acetylprocainamide,in vivo Hill,12.58925412,1.116598425,0.116598425
510,N-acetylprocainamide,in vivo Hill,14.12537545,1.126179256,0.126179256
511,N-acetylprocainamide,in vivo Hill,15.84893192,1.136150015,0.136150015
512,N-acetylprocainamide,in vivo Hill,17.7827941,1.14646514,0.14646514
513,N-acetylprocainamide,in vivo Hill,19.95262315,1.157071181,0.157071181
514,N-acetylprocainamide,in vivo Hill,22.38721139,1.167907696,0.167907696
515,N-acetylprocainamide,in vivo Hill,25.11886432,1.178908491,0.178908491
516,N-acetylprocainamide,in vivo Hill,28.18382931,1.190003159,0.190003159
517,N-acetylprocainamide,in vivo Hill,31.6227766,1.201118841,0.201118841
518,N-acetylprocainamide,in vivo Hill,35.48133892,1.212182126,0.212182126
519,N-acetylprocainamide,in vivo Hill,39.81071706,1.223120977,0.223120977
520,N-acetylprocainamide,in vivo Hill,44.66835922,1.233866588,0.233866588
521,N-acetylprocainamide,in vivo Hill,50.11872336,1.244355056,0.244355056
522,N-acetylprocainamide,in vivo Hill,56.23413252,1.2545288,0.2545288
523,N-acetylprocainamide,in vivo Hill,63.09573445,1.264337659,0.264337659
524,N-acetylprocainamide,in vivo Hill,70.79457844,1.273739637,0.273739637
525,N-acetylprocainamide,in vivo Hill,79.43282347,1.282701288,0.282701288
526,N-acetylprocainamide,in vivo Hill,89.12509381,1.291197754,0.291197754
527,N-acetylprocainamide,in vivo Hill,100,1.29921251,0.29921251
528,Quinidine,in vivo Linear,0.001,1.000488593,0.000488593
529,Quinidine,in vivo Linear,0.001122018,1.00054821,0.00054821
530,Quinidine,in vivo Linear,0.001258925,1.000615102,0.000615102
531,Quinidine,in vivo Linear,0.001412538,1.000690155,0.000690155
532,Quinidine,in vivo Linear,0.001584893,1.000774367,0.000774367
533,Quinidine,in vivo Linear,0.001778279,1.000868854,0.000868854
534,Quinidine,in vivo Linear,0.001995262,1.00097487,0.00097487
535,Quinidine,in vivo Linear,0.002238721,1.001093823,0.001093823
536,Quinidine,in vivo Linear,0.002511886,1.001227289,0.001227289
537,Quinidine,in vivo Linear,0.002818383,1.001377041,0.001377041
538,Quinidine,in vivo Linear,0.003162278,1.001545066,0.001545066
539,Quinidine,in vivo Linear,0.003548134,1.001733592,0.001733592
540,Quinidine,in vivo Linear,0.003981072,1.001945122,0.001945122
541,Quinidine,in vivo Linear,0.004466836,1.002182463,0.002182463
542,Quinidine,in vivo Linear,0.005011872,1.002448764,0.002448764
543,Quinidine,in vivo Linear,0.005623413,1.002747558,0.002747558
544,Quinidine,in vivo Linear,0.006309573,1.003082811,0.003082811
545,Quinidine,in vivo Linear,0.007079458,1.003458971,0.003458971
546,Quinidine,in vivo Linear,0.007943282,1.003881029,0.003881029
547,Quinidine,in vivo Linear,0.008912509,1.004354586,0.004354586
548,Quinidine,in vivo Linear,0.01,1.004885926,0.004885926
549,Quinidine,in vivo Linear,0.011220185,1.005482099,0.005482099
550,Quinidine,in vivo Linear,0.012589254,1.006151017,0.006151017
551,Quinidine,in vivo Linear,0.014125375,1.006901554,0.006901554
552,Quinidine,in vivo Linear,0.015848932,1.007743671,0.007743671
553,Quinidine,in vivo Linear,0.017782794,1.008688542,0.008688542
554,Quinidine,in vivo Linear,0.019952623,1.009748705,0.009748705
555,Quinidine,in vivo Linear,0.022387211,1.010938226,0.010938226
556,Quinidine,in vivo Linear,0.025118864,1.012272892,0.012272892
557,Quinidine,in vivo Linear,0.028183829,1.013770411,0.013770411
558,Quinidine,in vivo Linear,0.031622777,1.015450656,0.015450656
559,Quinidine,in vivo Linear,0.035481339,1.017335921,0.017335921
560,Quinidine,in vivo Linear,0.039810717,1.019451223,0.019451223
561,Quinidine,in vivo Linear,0.044668359,1.021824631,0.021824631
562,Quinidine,in vivo Linear,0.050118723,1.024487639,0.024487639
563,Quinidine,in vivo Linear,0.056234133,1.027475583,0.027475583
564,Quinidine,in vivo Linear,0.063095734,1.030828111,0.030828111
565,Quinidine,in vivo Linear,0.070794578,1.034589709,0.034589709
566,Quinidine,in vivo Linear,0.079432823,1.038810292,0.038810292
567,Quinidine,in vivo Linear,0.089125094,1.043545864,0.043545864
568,Quinidine,in vivo Linear,0.1,1.048859263,0.048859263
569,Quinidine,in vivo Linear,0.112201845,1.054820995,0.054820995
570,Quinidine,in vivo Linear,0.125892541,1.061510168,0.061510168
571,Quinidine,in vivo Linear,0.141253754,1.069015543,0.069015543
572,Quinidine,in vivo Linear,0.158489319,1.077436713,0.077436713
573,Quinidine,in vivo Linear,0.177827941,1.086885421,0.086885421
574,Quinidine,in vivo Linear,0.199526231,1.097487046,0.097487046
575,Quinidine,in vivo Linear,0.223872114,1.109382265,0.109382265
576,Quinidine,in vivo Linear,0.251188643,1.12272892,0.12272892
577,Quinidine,in vivo Linear,0.281838293,1.137704113,0.137704113
578,Quinidine,in vivo Linear,0.316227766,1.154506556,0.154506556
579,Quinidine,in vivo Linear,0.354813389,1.173359207,0.173359207
580,Quinidine,in vivo Linear,0.398107171,1.194512229,0.194512229
581,Quinidine,in vivo Linear,0.446683592,1.218246311,0.218246311
582,Quinidine,in vivo Linear,0.501187234,1.244876388,0.244876388
583,Quinidine,in vivo Linear,0.562341325,1.274755826,0.274755826
584,Quinidine,in vivo Linear,0.630957344,1.308281108,0.308281108
585,Quinidine,in vivo Linear,0.707945784,1.345897092,0.345897092
586,Quinidine,in vivo Linear,0.794328235,1.38810292,0.38810292
587,Quinidine,in vivo Linear,0.891250938,1.435458639,0.435458639
588,Quinidine,in vivo Linear,1,1.488592629,0.488592629
589,Quinidine,in vivo Linear,1.122018454,1.548209946,0.548209946
590,Quinidine,in vivo Linear,1.258925412,1.615101677,0.615101677
591,Quinidine,in vivo Linear,1.412537545,1.690155432,0.690155432
592,Quinidine,in vivo Linear,1.584893192,1.774367132,0.774367132
593,Quinidine,in vivo Linear,1.77827941,1.868854212,0.868854212
594,Quinidine,in vivo Linear,1.995262315,1.97487046,0.97487046
595,Quinidine,in vivo Linear,2.238721139,2.093822647,1.093822647
596,Sematilide,in vivo Linear,0.001,1.000099212,9.92E-05
597,Sematilide,in vivo Linear,0.001122018,1.000111317,0.000111317
598,Sematilide,in vivo Linear,0.001258925,1.0001249,0.0001249
599,Sematilide,in vivo Linear,0.001412538,1.00014014,0.00014014
600,Sematilide,in vivo Linear,0.001584893,1.00015724,0.00015724
601,Sematilide,in vivo Linear,0.001778279,1.000176426,0.000176426
602,Sematilide,in vivo Linear,0.001995262,1.000197953,0.000197953
603,Sematilide,in vivo Linear,0.002238721,1.000222107,0.000222107
604,Sematilide,in vivo Linear,0.002511886,1.000249208,0.000249208
605,Sematilide,in vivo Linear,0.002818383,1.000279616,0.000279616
606,Sematilide,in vivo Linear,0.003162278,1.000313735,0.000313735
607,Sematilide,in vivo Linear,0.003548134,1.000352016,0.000352016
608,Sematilide,in vivo Linear,0.003981072,1.000394969,0.000394969
609,Sematilide,in vivo Linear,0.004466836,1.000443162,0.000443162
610,Sematilide,in vivo Linear,0.005011872,1.000497236,0.000497236
611,Sematilide,in vivo Linear,0.005623413,1.000557908,0.000557908
612,Sematilide,in vivo Linear,0.006309573,1.000625983,0.000625983
613,Sematilide,in vivo Linear,0.007079458,1.000702364,0.000702364
614,Sematilide,in vivo Linear,0.007943282,1.000788066,0.000788066
615,Sematilide,in vivo Linear,0.008912509,1.000884224,0.000884224
616,Sematilide,in vivo Linear,0.01,1.000992116,0.000992116
617,Sematilide,in vivo Linear,0.011220185,1.001113173,0.001113173
618,Sematilide,in vivo Linear,0.012589254,1.001249,0.001249
619,Sematilide,in vivo Linear,0.014125375,1.001401401,0.001401401
620,Sematilide,in vivo Linear,0.015848932,1.001572398,0.001572398
621,Sematilide,in vivo Linear,0.017782794,1.00176426,0.00176426
622,Sematilide,in vivo Linear,0.019952623,1.001979532,0.001979532
623,Sematilide,in vivo Linear,0.022387211,1.002221071,0.002221071
624,Sematilide,in vivo Linear,0.025118864,1.002492083,0.002492083
625,Sematilide,in vivo Linear,0.028183829,1.002796163,0.002796163
626,Sematilide,in vivo Linear,0.031622777,1.003137347,0.003137347
627,Sematilide,in vivo Linear,0.035481339,1.003520161,0.003520161
628,Sematilide,in vivo Linear,0.039810717,1.003949685,0.003949685
629,Sematilide,in vivo Linear,0.044668359,1.00443162,0.00443162
630,Sematilide,in vivo Linear,0.050118723,1.004972359,0.004972359
631,Sematilide,in vivo Linear,0.056234133,1.005579079,0.005579079
632,Sematilide,in vivo Linear,0.063095734,1.00625983,0.00625983
633,Sematilide,in vivo Linear,0.070794578,1.007023644,0.007023644
634,Sematilide,in vivo Linear,0.079432823,1.007880658,0.007880658
635,Sematilide,in vivo Linear,0.089125094,1.008842244,0.008842244
636,Sematilide,in vivo Linear,0.1,1.009921161,0.009921161
637,Sematilide,in vivo Linear,0.112201845,1.011131726,0.011131726
638,Sematilide,in vivo Linear,0.125892541,1.012490002,0.012490002
639,Sematilide,in vivo Linear,0.141253754,1.014014013,0.014014013
640,Sematilide,in vivo Linear,0.158489319,1.015723981,0.015723981
641,Sematilide,in vivo Linear,0.177827941,1.017642597,0.017642597
642,Sematilide,in vivo Linear,0.199526231,1.019795319,0.019795319
643,Sematilide,in vivo Linear,0.223872114,1.022210713,0.022210713
644,Sematilide,in vivo Linear,0.251188643,1.02492083,0.02492083
645,Sematilide,in vivo Linear,0.281838293,1.027961631,0.027961631
646,Sematilide,in vivo Linear,0.316227766,1.031373466,0.031373466
647,Sematilide,in vivo Linear,0.354813389,1.035201608,0.035201608
648,Sematilide,in vivo Linear,0.398107171,1.039496854,0.039496854
649,Sematilide,in vivo Linear,0.446683592,1.044316199,0.044316199
650,Sematilide,in vivo Linear,0.501187234,1.049723593,0.049723593
651,Sematilide,in vivo Linear,0.562341325,1.055790789,0.055790789
652,Sematilide,in vivo Linear,0.630957344,1.062598295,0.062598295
653,Sematilide,in vivo Linear,0.707945784,1.070236442,0.070236442
654,Sematilide,in vivo Linear,0.794328235,1.078806584,0.078806584
655,Sematilide,in vivo Linear,0.891250938,1.088422442,0.088422442
656,Sematilide,in vivo Linear,1,1.099211612,0.099211612
657,Sematilide,in vivo Linear,1.122018454,1.111317259,0.111317259
658,Sematilide,in vivo Linear,1.258925412,1.124900019,0.124900019
659,Sematilide,in vivo Linear,1.412537545,1.140140126,0.140140126
660,Sematilide,in vivo Linear,1.584893192,1.157239808,0.157239808
661,Sematilide,in vivo Linear,1.77827941,1.176425966,0.176425966
662,Sematilide,in vivo Linear,1.995262315,1.19795319,0.19795319
663,Sematilide,in vivo Linear,2.238721139,1.222107132,0.222107132
664,Sematilide,in vivo Linear,2.511886432,1.249208301,0.249208301
665,Sematilide,in vivo Linear,2.818382931,1.279616313,0.279616313
666,Sematilide,in vivo Hill,0.001,1.000159936,0.000159936
667,Sematilide,in vivo Hill,0.001122018,1.000179436,0.000179436
668,Sematilide,in vivo Hill,0.001258925,1.000201311,0.000201311
669,Sematilide,in vivo Hill,0.001412538,1.00022585,0.00022585
670,Sematilide,in vivo Hill,0.001584893,1.000253378,0.000253378
671,Sematilide,in vivo Hill,0.001778279,1.000284257,0.000284257
672,Sematilide,in vivo Hill,0.001995262,1.000318893,0.000318893
673,Sematilide,in vivo Hill,0.002238721,1.000357743,0.000357743
674,Sematilide,in vivo Hill,0.002511886,1.000401318,0.000401318
675,Sematilide,in vivo Hill,0.002818383,1.00045019,0.00045019
676,Sematilide,in vivo Hill,0.003162278,1.000505001,0.000505001
677,Sematilide,in vivo Hill,0.003548134,1.000566469,0.000566469
678,Sematilide,in vivo Hill,0.003981072,1.000635397,0.000635397
679,Sematilide,in vivo Hill,0.004466836,1.000712687,0.000712687
680,Sematilide,in vivo Hill,0.005011872,1.000799345,0.000799345
681,Sematilide,in vivo Hill,0.005623413,1.000896499,0.000896499
682,Sematilide,in vivo Hill,0.006309573,1.00100541,0.00100541
683,Sematilide,in vivo Hill,0.007079458,1.001127486,0.001127486
684,Sematilide,in vivo Hill,0.007943282,1.001264303,0.001264303
685,Sematilide,in vivo Hill,0.008912509,1.001417619,0.001417619
686,Sematilide,in vivo Hill,0.01,1.001589398,0.001589398
687,Sematilide,in vivo Hill,0.011220185,1.001781829,0.001781829
688,Sematilide,in vivo Hill,0.012589254,1.001997355,0.001997355
689,Sematilide,in vivo Hill,0.014125375,1.002238694,0.002238694
690,Sematilide,in vivo Hill,0.015848932,1.002508872,0.002508872
691,Sematilide,in vivo Hill,0.017782794,1.002811254,0.002811254
692,Sematilide,in vivo Hill,0.019952623,1.003149575,0.003149575
693,Sematilide,in vivo Hill,0.022387211,1.003527979,0.003527979
694,Sematilide,in vivo Hill,0.025118864,1.003951053,0.003951053
695,Sematilide,in vivo Hill,0.028183829,1.004423869,0.004423869
696,Sematilide,in vivo Hill,0.031622777,1.004952025,0.004952025
697,Sematilide,in vivo Hill,0.035481339,1.005541685,0.005541685
698,Sematilide,in vivo Hill,0.039810717,1.006199623,0.006199623
699,Sematilide,in vivo Hill,0.044668359,1.006933257,0.006933257
700,Sematilide,in vivo Hill,0.050118723,1.007750696,0.007750696
701,Sematilide,in vivo Hill,0.056234133,1.008660765,0.008660765
702,Sematilide,in vivo Hill,0.063095734,1.009673035,0.009673035
703,Sematilide,in vivo Hill,0.070794578,1.010797839,0.010797839
704,Sematilide,in vivo Hill,0.079432823,1.012046277,0.012046277
705,Sematilide,in vivo Hill,0.089125094,1.013430203,0.013430203
706,Sematilide,in vivo Hill,0.1,1.014962189,0.014962189
707,Sematilide,in vivo Hill,0.112201845,1.016655472,0.016655472
708,Sematilide,in vivo Hill,0.125892541,1.018523853,0.018523853
709,Sematilide,in vivo Hill,0.141253754,1.020581578,0.020581578
710,Sematilide,in vivo Hill,0.158489319,1.022843159,0.022843159
711,Sematilide,in vivo Hill,0.177827941,1.025323157,0.025323157
712,Sematilide,in vivo Hill,0.199526231,1.028035907,0.028035907
713,Sematilide,in vivo Hill,0.223872114,1.030995187,0.030995187
714,Sematilide,in vivo Hill,0.251188643,1.034213834,0.034213834
715,Sematilide,in vivo Hill,0.281838293,1.037703295,0.037703295
716,Sematilide,in vivo Hill,0.316227766,1.04147314,0.04147314
717,Sematilide,in vivo Hill,0.354813389,1.045530532,0.045530532
718,Sematilide,in vivo Hill,0.398107171,1.049879675,0.049879675
719,Sematilide,in vivo Hill,0.446683592,1.054521265,0.054521265
720,Sematilide,in vivo Hill,0.501187234,1.059451976,0.059451976
721,Sematilide,in vivo Hill,0.562341325,1.064663996,0.064663996
722,Sematilide,in vivo Hill,0.630957344,1.070144678,0.070144678
723,Sematilide,in vivo Hill,0.707945784,1.075876309,0.075876309
724,Sematilide,in vivo Hill,0.794328235,1.081836061,0.081836061
725,Sematilide,in vivo Hill,0.891250938,1.08799613,0.08799613
726,Sematilide,in vivo Hill,1,1.094324087,0.094324087
727,Sematilide,in vivo Hill,1.122018454,1.100783441,0.100783441
728,Sematilide,in vivo Hill,1.258925412,1.107334408,0.107334408
729,Sematilide,in vivo Hill,1.412537545,1.113934847,0.113934847
730,Sematilide,in vivo Hill,1.584893192,1.120541323,0.120541323
731,Sematilide,in vivo Hill,1.77827941,1.12711024,0.12711024
732,Sematilide,in vivo Hill,1.995262315,1.13359899,0.13359899
733,Sematilide,in vivo Hill,2.238721139,1.139967036,0.139967036
734,Sematilide,in vivo Hill,2.511886432,1.146176896,0.146176896
735,Sematilide,in vivo Hill,2.818382931,1.152194953,0.152194953
736,Sotalol,in vivo Linear,0.001,1.00002628,2.63E-05
737,Sotalol,in vivo Linear,0.001122018,1.000029487,2.95E-05
738,Sotalol,in vivo Linear,0.001258925,1.000033085,3.31E-05
739,Sotalol,in vivo Linear,0.001412538,1.000037122,3.71E-05
740,Sotalol,in vivo Linear,0.001584893,1.000041652,4.17E-05
741,Sotalol,in vivo Linear,0.001778279,1.000046734,4.67E-05
742,Sotalol,in vivo Linear,0.001995262,1.000052436,5.24E-05
743,Sotalol,in vivo Linear,0.002238721,1.000058834,5.88E-05
744,Sotalol,in vivo Linear,0.002511886,1.000066013,6.60E-05
745,Sotalol,in vivo Linear,0.002818383,1.000074068,7.41E-05
746,Sotalol,in vivo Linear,0.003162278,1.000083106,8.31E-05
747,Sotalol,in vivo Linear,0.003548134,1.000093246,9.32E-05
748,Sotalol,in vivo Linear,0.003981072,1.000104624,0.000104624
749,Sotalol,in vivo Linear,0.004466836,1.00011739,0.00011739
750,Sotalol,in vivo Linear,0.005011872,1.000131714,0.000131714
751,Sotalol,in vivo Linear,0.005623413,1.000147785,0.000147785
752,Sotalol,in vivo Linear,0.006309573,1.000165818,0.000165818
753,Sotalol,in vivo Linear,0.007079458,1.000186051,0.000186051
754,Sotalol,in vivo Linear,0.007943282,1.000208752,0.000208752
755,Sotalol,in vivo Linear,0.008912509,1.000234224,0.000234224
756,Sotalol,in vivo Linear,0.01,1.000262804,0.000262804
757,Sotalol,in vivo Linear,0.011220185,1.00029487,0.00029487
758,Sotalol,in vivo Linear,0.012589254,1.00033085,0.00033085
759,Sotalol,in vivo Linear,0.014125375,1.00037122,0.00037122
760,Sotalol,in vivo Linear,0.015848932,1.000416515,0.000416515
761,Sotalol,in vivo Linear,0.017782794,1.000467338,0.000467338
762,Sotalol,in vivo Linear,0.019952623,1.000524362,0.000524362
763,Sotalol,in vivo Linear,0.022387211,1.000588344,0.000588344
764,Sotalol,in vivo Linear,0.025118864,1.000660133,0.000660133
765,Sotalol,in vivo Linear,0.028183829,1.000740681,0.000740681
766,Sotalol,in vivo Linear,0.031622777,1.000831058,0.000831058
767,Sotalol,in vivo Linear,0.035481339,1.000932462,0.000932462
768,Sotalol,in vivo Linear,0.039810717,1.00104624,0.00104624
769,Sotalol,in vivo Linear,0.044668359,1.0011739,0.0011739
770,Sotalol,in vivo Linear,0.050118723,1.001317138,0.001317138
771,Sotalol,in vivo Linear,0.056234133,1.001477853,0.001477853
772,Sotalol,in vivo Linear,0.063095734,1.001658178,0.001658178
773,Sotalol,in vivo Linear,0.070794578,1.001860506,0.001860506
774,Sotalol,in vivo Linear,0.079432823,1.002087522,0.002087522
775,Sotalol,in vivo Linear,0.089125094,1.002342239,0.002342239
776,Sotalol,in vivo Linear,0.1,1.002628035,0.002628035
777,Sotalol,in vivo Linear,0.112201845,1.002948704,0.002948704
778,Sotalol,in vivo Linear,0.125892541,1.0033085,0.0033085
779,Sotalol,in vivo Linear,0.141253754,1.003712198,0.003712198
780,Sotalol,in vivo Linear,0.158489319,1.004165155,0.004165155
781,Sotalol,in vivo Linear,0.177827941,1.004673381,0.004673381
782,Sotalol,in vivo Linear,0.199526231,1.005243619,0.005243619
783,Sotalol,in vivo Linear,0.223872114,1.005883438,0.005883438
784,Sotalol,in vivo Linear,0.251188643,1.006601326,0.006601326
785,Sotalol,in vivo Linear,0.281838293,1.007406809,0.007406809
786,Sotalol,in vivo Linear,0.316227766,1.008310577,0.008310577
787,Sotalol,in vivo Linear,0.354813389,1.00932462,0.00932462
788,Sotalol,in vivo Linear,0.398107171,1.010462396,0.010462396
789,Sotalol,in vivo Linear,0.446683592,1.011739002,0.011739002
790,Sotalol,in vivo Linear,0.501187234,1.013171376,0.013171376
791,Sotalol,in vivo Linear,0.562341325,1.014778527,0.014778527
792,Sotalol,in vivo Linear,0.630957344,1.01658178,0.01658178
793,Sotalol,in vivo Linear,0.707945784,1.018605064,0.018605064
794,Sotalol,in vivo Linear,0.794328235,1.020875225,0.020875225
795,Sotalol,in vivo Linear,0.891250938,1.023422387,0.023422387
796,Sotalol,in vivo Linear,1,1.026280351,0.026280351
797,Sotalol,in vivo Linear,1.122018454,1.029487039,0.029487039
798,Sotalol,in vivo Linear,1.258925412,1.033085002,0.033085002
799,Sotalol,in vivo Linear,1.412537545,1.037121982,0.037121982
800,Sotalol,in vivo Linear,1.584893192,1.041651549,0.041651549
801,Sotalol,in vivo Linear,1.77827941,1.046733807,0.046733807
802,Sotalol,in vivo Linear,1.995262315,1.052436194,0.052436194
803,Vernacalant,in vivo Hill,0.001,1.000007338,7.34E-06
804,Vernacalant,in vivo Hill,0.001122018,1.000008233,8.23E-06
805,Vernacalant,in vivo Hill,0.001258925,1.000009238,9.24E-06
806,Vernacalant,in vivo Hill,0.001412538,1.000010365,1.04E-05
807,Vernacalant,in vivo Hill,0.001584893,1.000011629,1.16E-05
808,Vernacalant,in vivo Hill,0.001778279,1.000013047,1.30E-05
809,Vernacalant,in vivo Hill,0.001995262,1.000014639,1.46E-05
810,Vernacalant,in vivo Hill,0.002238721,1.000016425,1.64E-05
811,Vernacalant,in vivo Hill,0.002511886,1.000018428,1.84E-05
812,Vernacalant,in vivo Hill,0.002818383,1.000020675,2.07E-05
813,Vernacalant,in vivo Hill,0.003162278,1.000023197,2.32E-05
814,Vernacalant,in vivo Hill,0.003548134,1.000026026,2.60E-05
815,Vernacalant,in vivo Hill,0.003981072,1.0000292,2.92E-05
816,Vernacalant,in vivo Hill,0.004466836,1.00003276,3.28E-05
817,Vernacalant,in vivo Hill,0.005011872,1.000036754,3.68E-05
818,Vernacalant,in vivo Hill,0.005623413,1.000041235,4.12E-05
819,Vernacalant,in vivo Hill,0.006309573,1.000046262,4.63E-05
820,Vernacalant,in vivo Hill,0.007079458,1.0000519,5.19E-05
821,Vernacalant,in vivo Hill,0.007943282,1.000058226,5.82E-05
822,Vernacalant,in vivo Hill,0.008912509,1.000065321,6.53E-05
823,Vernacalant,in vivo Hill,0.01,1.000073279,7.33E-05
824,Vernacalant,in vivo Hill,0.011220185,1.000082205,8.22E-05
825,Vernacalant,in vivo Hill,0.012589254,1.000092216,9.22E-05
826,Vernacalant,in vivo Hill,0.014125375,1.000103443,0.000103443
827,Vernacalant,in vivo Hill,0.015848932,1.000116035,0.000116035
828,Vernacalant,in vivo Hill,0.017782794,1.000130155,0.000130155
829,Vernacalant,in vivo Hill,0.019952623,1.000145988,0.000145988
830,Vernacalant,in vivo Hill,0.022387211,1.00016374,0.00016374
831,Vernacalant,in vivo Hill,0.025118864,1.000183643,0.000183643
832,Vernacalant,in vivo Hill,0.028183829,1.000205954,0.000205954
833,Vernacalant,in vivo Hill,0.031622777,1.000230963,0.000230963
834,Vernacalant,in vivo Hill,0.035481339,1.000258992,0.000258992
835,Vernacalant,in vivo Hill,0.039810717,1.000290402,0.000290402
836,Vernacalant,in vivo Hill,0.044668359,1.000325596,0.000325596
837,Vernacalant,in vivo Hill,0.050118723,1.000365022,0.000365022
838,Vernacalant,in vivo Hill,0.056234133,1.00040918,0.00040918
839,Vernacalant,in vivo Hill,0.063095734,1.00045863,0.00045863
840,Vernacalant,in vivo Hill,0.070794578,1.00051399,0.00051399
841,Vernacalant,in vivo Hill,0.079432823,1.000575952,0.000575952
842,Vernacalant,in vivo Hill,0.089125094,1.000645282,0.000645282
843,Vernacalant,in vivo Hill,0.1,1.000722829,0.000722829
844,Vernacalant,in vivo Hill,0.112201845,1.000809537,0.000809537
845,Vernacalant,in vivo Hill,0.125892541,1.000906445,0.000906445
846,Vernacalant,in vivo Hill,0.141253754,1.001014704,0.001014704
847,Vernacalant,in vivo Hill,0.158489319,1.00113558,0.00113558
848,Vernacalant,in vivo Hill,0.177827941,1.001270464,0.001270464
849,Vernacalant,in vivo Hill,0.199526231,1.001420884,0.001420884
850,Vernacalant,in vivo Hill,0.223872114,1.001588506,0.001588506
851,Vernacalant,in vivo Hill,0.251188643,1.001775146,0.001775146
852,Vernacalant,in vivo Hill,0.281838293,1.001982776,0.001982776
853,Vernacalant,in vivo Hill,0.316227766,1.002213526,0.002213526
854,Vernacalant,in vivo Hill,0.354813389,1.002469685,0.002469685
855,Vernacalant,in vivo Hill,0.398107171,1.0027537,0.0027537
856,Vernacalant,in vivo Hill,0.446683592,1.00306817,0.00306817
857,Vernacalant,in vivo Hill,0.501187234,1.003415833,0.003415833
858,Vernacalant,in vivo Hill,0.562341325,1.003799551,0.003799551
859,Vernacalant,in vivo Hill,0.630957344,1.004222281,0.004222281
860,Vernacalant,in vivo Hill,0.707945784,1.004687041,0.004687041
861,Vernacalant,in vivo Hill,0.794328235,1.005196869,0.005196869
862,Vernacalant,in vivo Hill,0.891250938,1.005754763,0.005754763
863,Vernacalant,in vivo Hill,1,1.006363619,0.006363619
864,Vernacalant,in vivo Hill,1.122018454,1.007026148,0.007026148
865,Vernacalant,in vivo Hill,1.258925412,1.007744785,0.007744785
866,Vernacalant,in vivo Hill,1.412537545,1.008521592,0.008521592
867,Vernacalant,in vivo Hill,1.584893192,1.009358145,0.009358145
868,Vernacalant,in vivo Hill,1.77827941,1.010255421,0.010255421
869,Vernacalant,in vivo Hill,1.995262315,1.011213684,0.011213684
870,Vernacalant,in vivo Hill,2.238721139,1.012232374,0.012232374
871,Vernacalant,in vivo Hill,2.511886432,1.01331001,0.01331001
872,Vernacalant,in vivo Hill,2.818382931,1.014444113,0.014444113
873,Vernacalant,in vivo Hill,3.16227766,1.015631151,0.015631151
874,Vernacalant,in vivo Hill,3.548133892,1.016866529,0.016866529
875,Vernacalant,in vivo Hill,3.981071706,1.018144604,0.018144604
876,Vernacalant,in vivo Hill,4.466835922,1.019458755,0.019458755
877,Vernacalant,in vivo Hill,5.011872336,1.020801498,0.020801498
878,Vernacalant,in vivo Hill,5.623413252,1.02216463,0.02216463
879,Vernacalant,in vivo Hill,6.309573445,1.02353943,0.02353943
880,Vernacalant,in vivo Hill,7.079457844,1.024916869,0.024916869
881,Vernacalant,in vivo Hill,7.943282347,1.026287851,0.026287851
882,Vernacalant,in vivo Hill,8.912509381,1.027643447,0.027643447
883,Vernacalant,in vivo Hill,10,1.028975129,0.028975129
884,Vernacalant,in vivo Hill,11.22018454,1.030274975,0.030274975
