"","Output","Chemical.name","InVivo.Model","InVitro.Model","InVivo","InVitro.p50","InVitro.p2.5","InVitro.p97.5","log10err.p50","log10err.p97.5","log10err.p2.5","pcterr"
"1","EC01","Cisapride","in vivo Linear","in vitro Population Median",0.00167266643026843,0.000564989104260319,0.00305624087595072,0.000132771503948664,-0.471369268291107,-1.10030446619305,0.261778239054287,-66.2222488574934
"2","EC01","Citalopram","in vivo Linear","in vitro Population Median",0.0655075659253136,0.0350593695842315,0.0956861805465007,0.0118168378086186,-0.271487359970136,-0.743790187901179,0.164557756845207,-46.4804269720487
"3","EC01","Disopyramide","in vivo Linear","in vitro Population Median",0.299543196894472,0.289757671562616,0.686116209841046,0.128533460763056,-0.0144245174390819,-0.367443259438995,0.359938219358039,-3.26681608305853
"4","EC01","Disopyramide","in vivo Hill","in vitro Population Median",0.306542069004582,0.289757671562616,0.686116209841046,0.128533460763056,-0.0244551412684494,-0.377473883268363,0.349907595528671,-5.47539771505751
"5","EC01","Dofetilide","in vivo Hill","in vitro Population Median",0.00146447256614863,5.38855392738693e-05,0.012030167302901,NA,-1.43420900695642,NA,0.914590426603394,-96.3204814812215
"6","EC01","Moxifloxacin","in vivo Linear","in vitro Population Median",1.47982065944607,5.86409510915385,13.8753388282986,3.00377453514278,0.597991919351254,0.307458245072582,0.972034511045112,296.270661023811
"7","EC01","N-acetylprocainamide","in vivo Linear","in vitro Population Median",5.25812608238042,3.55444685832157,6.58268702188378,1.96539686728003,-0.170058970078164,-0.427380736180563,0.0975722111118159,-32.4008819371553
"8","EC01","N-acetylprocainamide","in vivo Hill","in vitro Population Median",0.773946398154977,3.55444685832157,6.58268702188378,1.96539686728003,0.662061142147913,0.404739376045515,0.929692323337894,359.262665579304
"9","EC01","Quinidine","in vivo Linear","in vitro Population Median",0.0204669474982308,0.0461580000602356,0.0910769508613318,0.0207596402709412,0.353193907874034,0.00616674814695806,0.648355407054114,125.524593074886
"10","EC01","Sematilide","in vivo Linear","in vitro Population Median",0.100794654775212,0.144898877848507,0.546958658592928,0.0649940029687089,0.157627520423333,-0.190564215812592,0.734517000072447,43.756509878082
"11","EC01","Sematilide","in vivo Hill","in vitro Population Median",0.0653336817032976,0.144898877848507,0.546958658592928,0.0649940029687089,0.345927889771353,-0.00226384646457167,0.922817369420467,121.782814118056
"12","EC01","Sotalol","in vivo Linear","in vitro Population Median",0.380512432121985,0.247922090909936,0.389449154643974,0.118064438632838,-0.186053624657801,-0.50824974413618,0.0100819148469231,-34.8452061007938
"13","EC01","Vernacalant","in vivo Hill","in vitro Population Median",1.72322956893908,2.25635736062215,5.30848172245745,0.873608346683519,0.117064745989314,-0.295026363343678,0.488627188296203,30.9377114513703
"14","EC01","Cisapride","in vivo Linear","in vitro Standard Donor",0.00167266643026843,0.000294267091513791,0.00384013456722632,1.23081444570477e-05,-0.754667644098414,-2.13321675608893,0.360937102440598,-82.4073057132756
"15","EC01","Citalopram","in vivo Linear","in vitro Standard Donor",0.0655075659253136,0.0399673356447097,0.672555786153587,0.00112821011693749,-0.214586264871992,-1.76390147275276,1.01143685079406,-38.9882144449128
"16","EC01","Disopyramide","in vivo Linear","in vitro Standard Donor",0.299543196894472,0.667054920723572,2.46524003910042,0.193446093812182,0.347702131699839,-0.189899495922878,0.91539975217743,122.690726292333
"17","EC01","Disopyramide","in vivo Hill","in vitro Standard Donor",0.306542069004582,0.667054920723572,2.46524003910042,0.193446093812182,0.337671507870471,-0.199930119752246,0.905369128348063,117.606321667255
"18","EC01","Dofetilide","in vivo Hill","in vitro Standard Donor",0.00146447256614863,7.00144507824429e-05,0.0105917766218182,NA,-1.32049355408366,NA,0.859287572530603,-95.2191353801477
"19","EC01","Moxifloxacin","in vivo Linear","in vitro Standard Donor",1.47982065944607,6.37088980501144,28.6422256688479,1.59684053051568,0.633991007195266,0.0330524610959294,1.28679767605798,330.51769579945
"20","EC01","N-acetylprocainamide","in vivo Linear","in vitro Standard Donor",5.25812608238042,4.94442547664366,15.9472033081233,1.26019440552842,-0.0267151601541324,-0.620393448370127,0.481853535349074,-5.96601528418928
"21","EC01","N-acetylprocainamide","in vivo Hill","in vitro Standard Donor",0.773946398154977,4.94442547664366,15.9472033081233,1.26019440552842,0.805404952071945,0.211726663855951,1.31397364757515,538.858903979752
"22","EC01","Quinidine","in vivo Linear","in vitro Standard Donor",0.0204669474982308,0.0469424555930184,0.3011207287747,0.00486232274680285,0.360512728593883,-0.624209292848936,1.16768757731717,129.357385106285
"23","EC01","Sematilide","in vivo Linear","in vitro Standard Donor",0.100794654775212,0.215565314402114,0.510727444464792,0.0436088701236227,0.330141380138902,-0.363862667178368,0.704751694022684,113.865819455266
"24","EC01","Sematilide","in vivo Hill","in vitro Standard Donor",0.0653336817032976,0.215565314402114,0.510727444464792,0.0436088701236227,0.518441749486922,-0.175562297830348,0.893052063370704,229.945150467824
"25","EC01","Sotalol","in vivo Linear","in vitro Standard Donor",0.380512432121985,0.276871018642213,0.904433088212456,0.0189504445623048,-0.138091352098465,-1.30274944800478,0.376007591770593,-27.2373264920151
"26","EC01","Vernacalant","in vivo Hill","in vitro Standard Donor",1.72322956893908,2.56382029053079,11.0296741965933,0.453905604981887,0.172544442210716,-0.579377592494688,0.806219546001525,48.7799615758237
"27","EC01","Cisapride","in vivo Linear","in vitro Donor 1392",0.00167266643026843,0.000612855221001221,0.00618077596437252,3.64285902489707e-05,-0.436051450613775,-1.66196697608717,0.567633661051861,-63.3605834426372
"28","EC01","Citalopram","in vivo Linear","in vitro Donor 1392",0.0655075659253136,0.0392867976160569,0.356071865470315,0.00348686813869604,-0.222044832967809,-1.27385593841505,0.735246197262533,-40.027083801513
"29","EC01","Disopyramide","in vivo Linear","in vitro Donor 1392",0.299543196894472,0.628886320638551,2.45350709490007,0.0738934523751844,0.322112687662275,-0.607853502814918,0.913327857669211,109.948457237073
"30","EC01","Disopyramide","in vivo Hill","in vitro Donor 1392",0.306542069004582,0.628886320638551,2.45350709490007,0.0738934523751844,0.312082063832908,-0.617884126644285,0.903297233839843,105.154980091542
"31","EC01","Dofetilide","in vivo Hill","in vitro Donor 1392",0.00146447256614863,2.51103574337928e-05,0.02103018132095,NA,-1.76582834576005,NA,1.15716177667433,-98.2853651195509
"32","EC01","Moxifloxacin","in vivo Linear","in vitro Donor 1392",1.47982065944607,7.31077555052063,NA,1.80768940534331,0.693754364637071,0.0869147265644098,NA,394.031185728764
"33","EC01","N-acetylprocainamide","in vivo Linear","in vitro Donor 1392",5.25812608238042,5.40968818282213,22.7498793209602,1.10830894012675,0.0123412372143924,-0.676170159191923,0.636148101581346,2.88243564469828
"34","EC01","N-acetylprocainamide","in vivo Hill","in vitro Donor 1392",0.773946398154977,5.40968818282213,22.7498793209602,1.10830894012675,0.84446134944047,0.155949953034155,1.46826821380742,598.974527915417
"35","EC01","Quinidine","in vivo Linear","in vitro Donor 1392",0.0204669474982308,0.0469722747493556,0.396952912610547,0.00378764704344017,0.360788516970003,-0.732683573564123,1.28768591737934,129.503079310757
"36","EC01","Sematilide","in vivo Linear","in vitro Donor 1392",0.100794654775212,0.161449022192234,0.558814110743948,0.0214783127004516,0.204597917357974,-0.671437340785721,0.743829862329897,60.1761745722435
"37","EC01","Sematilide","in vivo Hill","in vitro Donor 1392",0.0653336817032976,0.161449022192234,0.558814110743948,0.0214783127004516,0.392898286705994,-0.483136971437701,0.932130231677917,147.114532631773
"38","EC01","Sotalol","in vivo Linear","in vitro Donor 1392",0.380512432121985,0.507912783072622,2.37330706516552,0.0579942648670067,0.125420292594115,-0.816983802925373,0.79498508146801,33.4812584808777
"39","EC01","Vernacalant","in vivo Hill","in vitro Donor 1392",1.72322956893908,7.25874418873874,29.2981382746882,0.818613484539687,0.624518353263032,-0.323264243841279,1.23049688626923,321.229087498055
"40","EC01","Cisapride","in vivo Linear","in vitro Donor 1258",0.00167266643026843,0.000919206327276071,0.00815006231330809,3.99796698764346e-05,-0.259996335761556,-1.62157013717683,0.687751588378042,-45.0454489525114
"41","EC01","Citalopram","in vivo Linear","in vitro Donor 1258",0.0655075659253136,0.0260361709673849,0.196683798899764,0.0028510338738694,-0.400714347896576,-1.36128908528002,0.477477125406496,-60.2547116510644
"42","EC01","Disopyramide","in vivo Linear","in vitro Donor 1258",0.299543196894472,0.171190265379562,NA,NA,-0.242980395338696,NA,NA,-42.8495565399632
"43","EC01","Disopyramide","in vivo Hill","in vitro Donor 1258",0.306542069004582,0.171190265379562,NA,NA,-0.253011019168063,NA,NA,-44.1543974908701
"44","EC01","Dofetilide","in vivo Hill","in vitro Donor 1258",0.00146447256614863,0.000118951837661772,NA,NA,-1.09031008474019,NA,NA,-91.8774963484226
"45","EC01","Moxifloxacin","in vivo Linear","in vitro Donor 1258",1.47982065944607,5.26309443117852,20.6056068545948,1.12712564653331,0.551032076143338,-0.118236754316472,1.14377632331551,255.657585774523
"46","EC01","N-acetylprocainamide","in vivo Linear","in vitro Donor 1258",5.25812608238042,2.43369010416973,9.91671682339387,0.344074552935542,-0.334565719471217,-1.18417844139981,0.275536916264387,-53.7156381182101
"47","EC01","N-acetylprocainamide","in vivo Hill","in vitro Donor 1258",0.773946398154977,2.43369010416973,9.91671682339387,0.344074552935542,0.497554392754861,-0.352058329173733,1.10765702849047,214.452022772048
"48","EC01","Quinidine","in vivo Linear","in vitro Donor 1258",0.0204669474982308,0.0772585545138795,0.247841478072184,0.0120396105692453,0.576893502841441,-0.230440635964652,1.08312091494573,277.479614488472
"49","EC01","Sematilide","in vivo Linear","in vitro Donor 1258",0.100794654775212,0.135399540728792,0.546360038984898,0.0175641309991894,0.128179689516882,-0.75881083416223,0.734041425623604,34.3320645631003
"50","EC01","Sematilide","in vivo Hill","in vitro Donor 1258",0.0653336817032976,0.135399540728792,0.546360038984898,0.0175641309991894,0.316480058864902,-0.570510464814211,0.922341794971624,107.243089932827
"51","EC01","Sotalol","in vivo Linear","in vitro Donor 1258",0.380512432121985,0.0517874848774617,0.34413262415702,NA,-0.866144031142898,NA,-0.0436430044558911,-86.3900675758053
"52","EC01","Vernacalant","in vivo Hill","in vitro Donor 1258",1.72322956893908,3.04462699846161,45.4818770214013,0.395595070405008,0.247190956111955,-0.639092266965467,1.42149524148158,76.6814505356975
"53","EC01","Cisapride","in vivo Linear","in vitro Donor 1083",0.00167266643026843,0.000867385895888781,0.00794873265436228,3.6910126002808e-05,-0.285196984846703,-1.65626381309886,0.676888549400001,-48.1435222114441
"54","EC01","Citalopram","in vivo Linear","in vitro Donor 1083",0.0655075659253136,0.0373222888042152,0.432099063227874,0.00075457400631927,-0.244323193411887,-1.93858962210504,0.819291862195568,-43.0259874916325
"55","EC01","Disopyramide","in vivo Linear","in vitro Donor 1083",0.299543196894472,0.22711285020086,1.14425080448564,0.000436332787342854,-0.120217752920826,-2.83664161212394,0.58206176592235,-24.1802676356989
"56","EC01","Disopyramide","in vivo Hill","in vitro Donor 1083",0.306542069004582,0.22711285020086,1.14425080448564,0.000436332787342854,-0.130248376750193,-2.84667223595331,0.572031142092983,-25.9113599192596
"57","EC01","Dofetilide","in vivo Hill","in vitro Donor 1083",0.00146447256614863,0.000122161625871887,NA,NA,-1.07874643629569,NA,NA,-91.6583192682703
"58","EC01","Moxifloxacin","in vivo Linear","in vitro Donor 1083",1.47982065944607,6.33701759821468,29.0279594923918,1.8227684994382,0.631675827068047,0.0905224285063794,1.29260742224923,328.228755813341
"59","EC01","N-acetylprocainamide","in vivo Linear","in vitro Donor 1083",5.25812608238042,3.82903724825864,18.7223371680765,0.67568224796718,-0.137741404543693,-0.891088486695615,0.551529066469888,-27.1786718639278
"60","EC01","N-acetylprocainamide","in vivo Hill","in vitro Donor 1083",0.773946398154977,3.82903724825864,18.7223371680765,0.67568224796718,0.694378707682385,-0.0589683744695373,1.38364917869597,394.741917190485
"61","EC01","Quinidine","in vivo Linear","in vitro Donor 1083",0.0204669474982308,0.0248723858026,0.19971953187339,0.00133523503093825,0.0846643700376259,-1.1854953576371,0.989367463918626,21.5246475066689
"62","EC01","Sematilide","in vivo Linear","in vitro Donor 1083",0.100794654775212,0.159101910335823,0.550085262262857,0.0265411286433561,0.198237892528709,-0.579518114723675,0.73699250788329,57.8475671062565
"63","EC01","Sematilide","in vivo Hill","in vitro Donor 1083",0.0653336817032976,0.159101910335823,0.550085262262857,0.0265411286433561,0.386538261876729,-0.391217745375655,0.92529287723131,143.522033640104
"64","EC01","Sotalol","in vivo Linear","in vitro Donor 1083",0.380512432121985,0.152242190802912,2.01203254018733,0.000843843054387595,-0.39783382570099,-2.65410717053498,0.723266149565469,-59.9902189912927
"65","EC01","Vernacalant","in vivo Hill","in vitro Donor 1083",1.72322956893908,1.69738784466059,22.883940692798,0.205222361525539,-0.00656205030697107,-0.924118457290994,1.12318767546742,-1.49961007774488
"66","EC01","Cisapride","in vivo Linear","in vitro Donor 1070",0.00167266643026843,0.000335815632200093,0.00469462151764454,2.87844843135309e-05,-0.69730843222205,-1.7642508875924,0.448191244130161,-79.9233352135727
"67","EC01","Citalopram","in vivo Linear","in vitro Donor 1070",0.0655075659253136,0.0681535793881676,0.634795910408456,0.00706167486486468,0.0171972070898634,-0.967383744776451,0.986342657620131,4.03924863560158
"68","EC01","Disopyramide","in vivo Linear","in vitro Donor 1070",0.299543196894472,0.718696628976763,2.87069722697474,0.230253112594453,0.380086147301877,-0.114253950752076,0.98152792926834,139.930880229591
"69","EC01","Disopyramide","in vivo Hill","in vitro Donor 1070",0.306542069004582,0.718696628976763,2.87069722697474,0.230253112594453,0.370055523472509,-0.124284574581443,0.971497305438973,134.452853831955
"70","EC01","Dofetilide","in vivo Hill","in vitro Donor 1070",0.00146447256614863,4.7470484717843e-05,0.0210335415435426,NA,-1.48925757419688,NA,1.15723116312107,-96.7585268706887
"71","EC01","Moxifloxacin","in vivo Linear","in vitro Donor 1070",1.47982065944607,7.35035237377549,46.8639005573973,2.07352250095418,0.696099073419269,0.146499666381954,1.5006293466733,396.705619485465
"72","EC01","N-acetylprocainamide","in vivo Linear","in vitro Donor 1070",5.25812608238042,5.39989830843621,38.527874483654,0.994169526269055,0.011554585552884,-0.723370548841377,0.864944054737973,2.69625002966107
"73","EC01","N-acetylprocainamide","in vivo Hill","in vitro Donor 1070",0.773946398154977,5.39989830843621,38.527874483654,0.994169526269055,0.843674697778962,0.108749563384701,1.69706416696405,597.709598663307
"74","EC01","Quinidine","in vivo Linear","in vitro Donor 1070",0.0204669474982308,0.0662697221380014,0.389678308177096,0.00853643768650764,0.510262074129569,-0.379776401060919,1.27965315552572,223.788987799621
"75","EC01","Sematilide","in vivo Linear","in vitro Donor 1070",0.100794654775212,0.191427468454433,0.524429845580481,0.0261126413686965,0.278566754302336,-0.586586697541296,0.71624989792973,89.918273822501
"76","EC01","Sematilide","in vivo Hill","in vitro Donor 1070",0.0653336817032976,0.191427468454433,0.524429845580481,0.0261126413686965,0.466867123650356,-0.398286328193276,0.90455026727775,192.999664895313
"77","EC01","Sotalol","in vivo Linear","in vitro Donor 1070",0.380512432121985,0.290152631948559,1.10272050014982,0.0196829843360667,-0.117742336265511,-1.28627790376949,0.462096597780222,-23.7468719929915
"78","EC01","Vernacalant","in vivo Hill","in vitro Donor 1070",1.72322956893908,3.38870674059596,16.1831814184545,0.335257436357462,0.293690848438789,-0.710964718355403,0.972720764643492,96.6485952699992
"79","EC05","Cisapride","in vivo Linear","in vitro Population Median",0.00836333291070035,0.00276979013789085,0.00875413101406353,0.000698060037766996,-0.479932520063525,-1.07848660822913,0.0198336573156941,-66.8817423930706
"80","EC05","Citalopram","in vivo Linear","in vitro Population Median",0.327537838043169,0.311862585072254,0.552876735946372,0.164584569945263,-0.0212982035845425,-0.298872361066974,0.227366837915581,-4.78578385464262
"81","EC05","Disopyramide","in vivo Linear","in vitro Population Median",1.49771598744384,1.45194844662893,3.32597911578855,0.370397802520675,-0.0134782692815974,-0.60676106425824,0.346490052193145,-3.05582241216705
"82","EC05","Disopyramide","in vivo Hill","in vitro Population Median",1.90223422392374,1.45194844662893,3.32597911578855,0.370397802520675,-0.11731279455829,-0.710595589534932,0.242655526916453,-23.6714160449711
"83","EC05","Dofetilide","in vivo Hill","in vitro Population Median",0.00266335582461182,0.000266406090720349,0.0175568295256587,NA,-0.999885042415096,NA,0.819016900115116,-89.9973526534264
"84","EC05","Moxifloxacin","in vivo Linear","in vitro Population Median",NA,12.3455792384891,32.3763181930548,8.65318810288104,NA,NA,NA,NA
"85","EC05","N-acetylprocainamide","in vivo Linear","in vitro Population Median",26.2906309360697,9.86279777534186,18.6822991376225,6.64481945462236,-0.425800880118145,-0.597317823363732,-0.148370687008956,-62.4855036787631
"86","EC05","N-acetylprocainamide","in vivo Hill","in vitro Population Median",4.3310934896375,9.86279777534186,18.6822991376225,6.64481945462236,0.357402570158722,0.185885626913135,0.634832763267911,127.720731472073
"87","EC05","Quinidine","in vivo Linear","in vitro Population Median",0.102334740317036,0.131778744861583,0.213906902776276,0.0778581399446126,0.109822274911883,-0.118719067768112,0.320201707638876,28.7722472870191
"88","EC05","Sematilide","in vivo Linear","in vitro Population Median",0.503973268740107,0.382944758045381,0.587056261012335,0.243344202861796,-0.119271372587701,-0.316186497035081,0.0662722225746618,-24.0148670974728
"89","EC05","Sematilide","in vivo Hill","in vitro Population Median",0.399366428680412,0.382944758045381,0.587056261012335,0.243344202861796,-0.0182354256035203,-0.2151505500509,0.167308169558843,-4.11193066209696
"90","EC05","Sotalol","in vivo Linear","in vitro Population Median",1.90256210870682,0.643173486517341,1.05179209293714,0.370353830390543,-0.471010709891387,-0.710722002409878,-0.257408941526659,-66.1943500517568
"91","EC05","Vernacalant","in vivo Hill","in vitro Population Median",NA,7.44109856814799,13.205384502979,4.03808363453704,NA,NA,NA,NA
"92","EC05","Cisapride","in vivo Linear","in vitro Standard Donor",0.00836333291070035,0.0015084315619027,0.0093601466987616,0.000105126081836329,-0.743853773791418,-1.90066890656165,0.0489032707098325,-81.96375083942
"93","EC05","Citalopram","in vivo Linear","in vitro Standard Donor",0.327537838043169,0.619941191233348,NA,0.0744010360017064,0.277089015394455,-0.643682495133234,NA,89.2731523591604
"94","EC05","Disopyramide","in vivo Linear","in vitro Standard Donor",1.49771598744384,3.32638538604718,8.55265141837611,0.763796817379455,0.346543098273723,-0.292451621308479,0.756671306075057,122.097207610391
"95","EC05","Disopyramide","in vivo Hill","in vitro Standard Donor",1.90223422392374,3.32638538604718,8.55265141837611,0.763796817379455,0.242708572997031,-0.396286146585172,0.652836780798365,74.8672873304652
"96","EC05","Dofetilide","in vivo Hill","in vitro Standard Donor",0.00266335582461182,0.000347207758751887,0.0277850577166796,NA,-0.884839770685992,NA,1.01838211116063,-86.9635234036935
"97","EC05","Moxifloxacin","in vivo Linear","in vitro Standard Donor",NA,14.6134281526034,91.6337106024766,6.25386567310199,NA,NA,NA,NA
"98","EC05","N-acetylprocainamide","in vivo Linear","in vitro Standard Donor",26.2906309360697,13.9981559384004,39.6054349460778,5.01481955085611,-0.273730181441464,-0.71954569831155,0.177953778411616,-46.7561049697159
"99","EC05","N-acetylprocainamide","in vivo Hill","in vitro Standard Donor",4.3310934896375,13.9981559384004,39.6054349460778,5.01481955085611,0.509473268835403,0.0636577519653168,0.961157228688483,223.201426427116
"100","EC05","Quinidine","in vivo Linear","in vitro Standard Donor",0.102334740317036,0.195169830425886,NA,0.0324242834812997,0.280389592941762,-0.499152704112287,NA,90.7170818250414
"101","EC05","Sematilide","in vivo Linear","in vitro Standard Donor",0.503973268740107,0.490617115576792,0.864274638586431,0.196785200990105,-0.0116648067803651,-0.408415066936046,0.234244267549188,-2.65017094988071
"102","EC05","Sematilide","in vivo Hill","in vitro Standard Donor",0.399366428680412,0.490617115576792,0.864274638586431,0.196785200990105,0.0893711402038156,-0.307379119951866,0.335280214533369,22.8488626842999
"103","EC05","Sotalol","in vivo Linear","in vitro Standard Donor",1.90256210870682,0.787995976985574,2.6041730819518,0.157040344122061,-0.382814842859176,-1.08332760485724,0.136331002383862,-58.5823782898115
"104","EC05","Vernacalant","in vivo Hill","in vitro Standard Donor",NA,7.83158491328137,21.7704885915208,2.58013365529693,NA,NA,NA,NA
"105","EC05","Cisapride","in vivo Linear","in vitro Donor 1392",0.00836333291070035,0.00377273744931152,0.0195886712894732,0.000255913649361402,-0.345722801626653,-1.51428593469604,0.36962559390794,-54.8895459550039
"106","EC05","Citalopram","in vivo Linear","in vitro Donor 1392",0.327537838043169,0.311303219029236,1.20575574913433,0.0663804669081435,-0.0220778665554318,-0.693221175249077,0.565997863266811,-4.95656291527253
"107","EC05","Disopyramide","in vivo Linear","in vitro Donor 1392",1.49771598744384,3.16469003544421,8.50018504018011,0.119880464606893,0.324901713888777,-1.09668104829121,0.753998914242867,111.301078574009
"108","EC05","Disopyramide","in vivo Hill","in vitro Donor 1392",1.90223422392374,3.16469003544421,8.50018504018011,0.119880464606893,0.221067188612085,-1.2005155735679,0.650164388966174,66.3670012684556
"109","EC05","Dofetilide","in vivo Hill","in vitro Donor 1392",0.00266335582461182,0.000122342157169593,0.0295560051818549,NA,-1.33785305827695,NA,1.0452165419261,-95.4064659314749
"110","EC05","Moxifloxacin","in vivo Linear","in vitro Donor 1392",NA,48.5462957018663,NA,8.74558877232039,NA,NA,NA,NA
"111","EC05","N-acetylprocainamide","in vivo Linear","in vitro Donor 1392",26.2906309360697,16.257403860135,78.4359980356018,4.92676054857924,-0.208749814212046,-0.727239553534681,0.474714418318317,-38.1627474073645
"112","EC05","N-acetylprocainamide","in vivo Hill","in vitro Donor 1392",4.3310934896375,16.257403860135,78.4359980356018,4.92676054857924,0.574453636064821,0.0559638967421863,1.25791786859518,275.364879539825
"113","EC05","Quinidine","in vivo Linear","in vitro Donor 1392",0.102334740317036,0.316065947745514,NA,0.0322094490171733,0.489754616578761,-0.50203979610871,NA,208.854985869248
"114","EC05","Sematilide","in vivo Linear","in vitro Donor 1392",0.503973268740107,0.439867622212339,0.941942035797081,0.129065655121478,-0.0590855060374157,-0.591596811460764,0.27161667684344,-12.7200489597448
"115","EC05","Sematilide","in vivo Hill","in vitro Donor 1392",0.399366428680412,0.439867622212339,0.941942035797081,0.129065655121478,0.0419504409467651,-0.490560864476583,0.372652623827621,10.1413615725665
"116","EC05","Sotalol","in vivo Linear","in vitro Donor 1392",1.90256210870682,1.97116261917008,5.15981087729465,0.101558403022658,0.0153836115490267,-1.27262298002178,0.433294940591552,3.60569098634549
"117","EC05","Vernacalant","in vivo Hill","in vitro Donor 1392",NA,24.3619643838691,63.0829224882063,5.10671383059151,NA,NA,NA,NA
"118","EC05","Cisapride","in vivo Linear","in vitro Donor 1258",0.00836333291070035,0.00529734192311662,0.0216662920639943,0.000251003961745635,-0.198321378763806,-1.52269880838363,0.413405208538903,-36.6599180054281
"119","EC05","Citalopram","in vivo Linear","in vitro Donor 1258",0.327537838043169,0.213568037394578,0.765600706611381,0.0539227877230949,-0.185725221399644,-0.783489141633346,0.368740847520298,-34.7959189477126
"120","EC05","Disopyramide","in vivo Linear","in vitro Donor 1258",1.49771598744384,4.31018896602801,NA,0.149565621020683,0.459066845075037,-1.00059768713685,NA,187.784132783694
"121","EC05","Disopyramide","in vivo Hill","in vitro Donor 1258",1.90223422392374,4.31018896602801,NA,0.149565621020683,0.355232319798345,-1.10443221241355,NA,126.585607167627
"122","EC05","Dofetilide","in vivo Hill","in vitro Donor 1258",0.00266335582461182,0.000592208239674852,NA,NA,-0.652954746461586,NA,NA,-77.7645842811422
"123","EC05","Moxifloxacin","in vivo Linear","in vitro Donor 1258",NA,11.4517676224964,43.8910736959616,4.59503291408087,NA,NA,NA,NA
"124","EC05","N-acetylprocainamide","in vivo Linear","in vitro Donor 1258",26.2906309360697,7.08192957300963,28.3288774710339,1.72289930398909,-0.569649405096944,-1.18354111309747,0.032428357331965,-73.0629151113544
"125","EC05","N-acetylprocainamide","in vivo Hill","in vitro Donor 1258",4.3310934896375,7.08192957300963,28.3288774710339,1.72289930398909,0.213554045179923,-0.400337662820603,0.815631807608832,63.513662079882
"126","EC05","Quinidine","in vivo Linear","in vitro Donor 1258",0.102334740317036,0.219459738266022,0.524982600134725,0.0538594685377868,0.33133176506918,-0.278761028178451,0.710121817676129,114.452821775018
"127","EC05","Sematilide","in vivo Linear","in vitro Donor 1258",0.503973268740107,0.374117720736082,0.63367094633628,0.101255023527445,-0.129399221832576,-0.696990922720756,0.099456293650998,-25.7663562848588
"128","EC05","Sematilide","in vivo Hill","in vitro Donor 1258",0.399366428680412,0.374117720736082,0.63367094633628,0.101255023527445,-0.028363274848395,-0.595954975736575,0.200492240635179,-6.3221908831339
"129","EC05","Sotalol","in vivo Linear","in vitro Donor 1258",1.90256210870682,0.387388011385137,NA,0.104672152119969,-0.691192666771141,-1.25950768951327,NA,-79.6386141817758
"130","EC05","Vernacalant","in vivo Hill","in vitro Donor 1258",NA,9.69796735096208,NA,2.54122106363388,NA,NA,NA,NA
"131","EC05","Cisapride","in vivo Linear","in vitro Donor 1083",0.00836333291070035,0.00491836267480046,0.0210550861396878,0.000232818662860103,-0.230558834654462,-1.55536159401283,0.400977637879044,-41.1913560381205
"132","EC05","Citalopram","in vivo Linear","in vitro Donor 1083",0.327537838043169,0.390392497399493,NA,0.0317613717968744,0.0762399846809078,-1.01336222642447,NA,19.1900452576228
"133","EC05","Disopyramide","in vivo Linear","in vitro Donor 1083",1.49771598744384,1.25719967344166,4.82168642267288,0.0052463528128967,-0.0760252061758121,-2.45557197253124,0.507769496999587,-16.058873379103
"134","EC05","Disopyramide","in vivo Hill","in vitro Donor 1083",1.90223422392374,1.25719967344166,4.82168642267288,0.0052463528128967,-0.179859731452505,-2.55940649780793,0.403934971722895,-33.9093126582263
"135","EC05","Dofetilide","in vivo Hill","in vitro Donor 1083",0.00266335582461182,0.000608449603057141,NA,NA,-0.641204579989386,NA,NA,-77.1547760372642
"136","EC05","Moxifloxacin","in vivo Linear","in vitro Donor 1083",NA,14.3770853493277,82.5490025510919,6.5674901954204,NA,NA,NA,NA
"137","EC05","N-acetylprocainamide","in vivo Linear","in vitro Donor 1083",26.2906309360697,11.2024224848569,53.4125686749808,3.32859139799631,-0.370489061157992,-0.897540522144143,0.307842455564327,-57.3900584124529
"138","EC05","N-acetylprocainamide","in vivo Hill","in vitro Donor 1083",4.3310934896375,11.2024224848569,53.4125686749808,3.32859139799631,0.412714389118875,-0.114337071867276,1.09104590584119,158.651135369385
"139","EC05","Quinidine","in vivo Linear","in vitro Donor 1083",0.102334740317036,0.0866388780701504,0.516389105679729,0.010239069015382,-0.0723102720839814,-0.99976262151773,0.702953979487688,-15.3377652576824
"140","EC05","Sematilide","in vivo Linear","in vitro Donor 1083",0.503973268740107,0.41508358206136,0.646809460498484,0.135613866213177,-0.0842719457064602,-0.570103404194393,0.108368861817756,-17.6377780712386
"141","EC05","Sematilide","in vivo Hill","in vitro Donor 1083",0.399366428680412,0.41508358206136,0.646809460498484,0.135613866213177,0.0167640012777205,-0.469067457210212,0.209404808801937,3.93552192979272
"142","EC05","Sotalol","in vivo Linear","in vitro Donor 1083",1.90256210870682,0.674370657226823,5.13192921451445,0.0114115443277062,-0.450440177827006,-2.22199442152093,0.430941814335411,-64.5546048593811
"143","EC05","Vernacalant","in vivo Hill","in vitro Donor 1083",NA,5.47862844898378,64.4952739042214,1.6419144834966,NA,NA,NA,NA
"144","EC05","Cisapride","in vivo Linear","in vitro Donor 1070",0.00836333291070035,0.00206101276806113,0.0164780014472011,0.000232170895240898,-0.608298702388093,-1.55657160864503,0.294525152015836,-75.3565619105728
"145","EC05","Citalopram","in vivo Linear","in vitro Donor 1070",0.327537838043169,0.521844537256249,2.0764614037922,0.119906515124159,0.202279663489015,-0.436418696937001,0.80206238499523,59.323435842997
"146","EC05","Disopyramide","in vivo Linear","in vitro Donor 1070",1.49771598744384,3.43421889365805,8.90143177298197,0.342680866758211,0.360398507487456,-0.640539609002257,0.774030401728905,129.297071170298
"147","EC05","Disopyramide","in vivo Hill","in vitro Donor 1070",1.90223422392374,3.43421889365805,8.90143177298197,0.342680866758211,0.256563982210763,-0.74437413427895,0.670195876452213,80.5360691373893
"148","EC05","Dofetilide","in vivo Hill","in vitro Donor 1070",0.00266335582461182,0.000234313966320843,0.0335373153495094,NA,-1.05563101654313,NA,1.10009910243589,-91.2023033439404
"149","EC05","Moxifloxacin","in vivo Linear","in vitro Donor 1070",NA,20.5862457992819,NA,7.8695345273804,NA,NA,NA,NA
"150","EC05","N-acetylprocainamide","in vivo Linear","in vitro Donor 1070",26.2906309360697,21.3260925744985,NA,5.12733410044414,-0.090889718548065,-0.709909391378579,NA,-18.8832986688048
"151","EC05","N-acetylprocainamide","in vivo Hill","in vitro Donor 1070",4.3310934896375,21.3260925744985,NA,5.12733410044414,0.692313731728802,0.0732940588982882,NA,392.395110507841
"152","EC05","Quinidine","in vivo Linear","in vitro Donor 1070",0.102334740317036,0.227797263561876,2.45699104025325,0.0442917041415944,0.347525410924379,-0.363700701577147,1.38038048092722,122.600128613365
"153","EC05","Sematilide","in vivo Linear","in vitro Donor 1070",0.503973268740107,0.527270834731567,NA,0.192739708138086,0.0196262479568204,-0.4174363046261,NA,4.62277811870904
"154","EC05","Sematilide","in vivo Hill","in vitro Donor 1070",0.399366428680412,0.527270834731567,NA,0.192739708138086,0.120662194941001,-0.316400357641919,NA,32.0268297147001
"155","EC05","Sotalol","in vivo Linear","in vitro Donor 1070",1.90256210870682,0.594487487547689,5.48688589074162,0.16771755076528,-0.505196124863836,-1.05476033148624,0.459987085268478,-68.7533203343482
"156","EC05","Vernacalant","in vivo Hill","in vitro Donor 1070",NA,11.7394422645292,34.0465932621106,2.59065298271944,NA,NA,NA,NA
"157","EC10","Cisapride","in vivo Linear","in vitro Population Median",0.0167266666327196,0.00566838540936968,0.0142585757448644,0.00180384779258246,-0.469950029902303,-0.967209512090843,-0.0693332543355678,-66.1116854072912
"158","EC10","Citalopram","in vivo Linear","in vitro Population Median",0.65507567880107,0.841210678597901,1.3096792040817,0.528232343617526,0.108613301577943,-0.093466486048656,0.300873456020725,28.4142742312611
"159","EC10","Disopyramide","in vivo Linear","in vitro Population Median",2.99543196587491,3.3903573569532,14.058302563716,0.426049879642648,0.0537860168858875,-0.846999013114496,0.67147342592532,13.1842550783136
"160","EC10","Disopyramide","in vivo Hill","in vitro Population Median",5.44084293516147,3.3903573569532,14.058302563716,0.426049879642648,-0.205420712030458,-1.10620574203084,0.412266697008975,-37.6869099631051
"161","EC10","Dofetilide","in vivo Hill","in vitro Population Median",0.00360308264102573,0.000532056780028448,0.0211493249421707,NA,-0.830716241501043,NA,0.768622286538084,-85.2332895734809
"162","EC10","Moxifloxacin","in vivo Linear","in vitro Population Median",NA,19.1508946288291,50.0036804989445,12.085242504083,NA,NA,NA,NA
"163","EC10","N-acetylprocainamide","in vivo Linear","in vitro Population Median",52.5812619848154,15.805375075398,32.6450746574858,10.7210313318019,-0.522026198761737,-0.690594440025151,-0.207013339099025,-69.941050330891
"164","EC10","N-acetylprocainamide","in vivo Hill","in vitro Population Median",10.1758463624831,15.805375075398,32.6450746574858,10.7210313318019,0.191234265221163,0.0226660239577494,0.506247124883876,55.3224617626909
"165","EC10","Quinidine","in vivo Linear","in vitro Population Median",0.204669480911446,0.221649667076896,0.336820665736352,0.142499429757586,0.0346139952198122,-0.157239961671002,0.216345641822321,8.29639381984709
"166","EC10","Sematilide","in vivo Linear","in vitro Population Median",1.007946529823,0.568260080934027,0.713108215535207,0.429331719271858,-0.248890345146064,-0.37064451840732,-0.150282054124666,-43.6220013541969
"167","EC10","Sematilide","in vivo Hill","in vitro Population Median",1.10721910105848,0.568260080934027,0.713108215535207,0.429331719271858,-0.289686420507247,-0.411440593768503,-0.19107812948585,-48.6768174076132
"168","EC10","Sotalol","in vivo Linear","in vitro Population Median",NA,1.10578780930609,1.67791328230789,0.428657914666082,NA,NA,NA,NA
"169","EC10","Vernacalant","in vivo Hill","in vitro Population Median",NA,12.6473901705829,21.2245405932874,7.48606633568582,NA,NA,NA,NA
"170","EC10","Cisapride","in vivo Linear","in vitro Standard Donor",0.0167266666327196,0.00315312729298335,0.014109746842469,0.000221148503560432,-0.724667897637435,-1.87872539639062,-0.0738901796788134,-81.1490994456994
"171","EC10","Citalopram","in vivo Linear","in vitro Standard Donor",0.65507567880107,4.39850627407711,NA,0.592511237480293,0.827013740244962,-0.0435948840196334,NA,571.450095983923
"172","EC10","Disopyramide","in vivo Linear","in vitro Standard Donor",2.99543196587491,9.61133810370472,NA,3.40776309638353,0.506324394882279,0.0560099354404915,NA,220.866513184099
"173","EC10","Disopyramide","in vivo Hill","in vitro Standard Donor",5.44084293516147,9.61133810370472,NA,3.40776309638353,0.247117665965934,-0.203196793475854,NA,76.6516368555948
"174","EC10","Dofetilide","in vivo Hill","in vitro Standard Donor",0.00360308264102573,0.000693699393713693,NA,NA,-0.715502908371421,NA,NA,-80.7470584822276
"175","EC10","Moxifloxacin","in vivo Linear","in vitro Standard Donor",NA,28.3348199685855,NA,11.0179662549057,NA,NA,NA,NA
"176","EC10","N-acetylprocainamide","in vivo Linear","in vitro Standard Donor",52.5812619848154,24.730953499858,65.6606418707621,9.23932541280582,-0.327590144376409,-0.755190741840945,0.0964741186457159,-52.9662230111557
"177","EC10","N-acetylprocainamide","in vivo Hill","in vitro Standard Donor",10.1758463624831,24.730953499858,65.6606418707621,9.23932541280582,0.385670319606492,-0.0419302778580449,0.809734582628616,143.035838188728
"178","EC10","Quinidine","in vivo Linear","in vitro Standard Donor",0.204669480911446,1.28294674624709,NA,0.11383374712162,0.797155541552379,-0.254782056124149,NA,526.838325154195
"179","EC10","Sematilide","in vivo Linear","in vitro Standard Donor",1.007946529823,0.667791616101656,1.33929493503016,0.390011606847271,-0.178796531663723,-0.412359962059644,0.123438732419969,-33.7473173086943
"180","EC10","Sematilide","in vivo Hill","in vitro Standard Donor",1.10721910105848,0.667791616101656,1.33929493503016,0.390011606847271,-0.219592607024907,-0.453156037420828,0.0826426570587851,-39.6874913498819
"181","EC10","Sotalol","in vivo Linear","in vitro Standard Donor",NA,1.98867655077076,NA,0.456989965206387,NA,NA,NA,NA
"182","EC10","Vernacalant","in vivo Hill","in vitro Standard Donor",NA,12.8932723938468,29.7834524936671,5.34360437829459,NA,NA,NA,NA
"183","EC10","Cisapride","in vivo Linear","in vitro Donor 1392",0.0167266666327196,0.0099014281046451,0.0376324832462291,0.000530269973251941,-0.227711563018648,-1.49891236566042,0.352153475580443,-40.8045349258257
"184","EC10","Citalopram","in vivo Linear","in vitro Donor 1392",0.65507567880107,0.766756484982989,2.11248189171523,0.242978533476259,0.0683659822502973,-0.430723569043522,0.50850151930224,17.0485349702373
"185","EC10","Disopyramide","in vivo Linear","in vitro Donor 1392",2.99543196587491,6.38706069858379,14.6944397670643,0.148125201117144,0.328841583367191,-1.30583050705203,0.690693572957467,113.226698898443
"186","EC10","Disopyramide","in vivo Hill","in vitro Donor 1392",5.44084293516147,6.38706069858379,14.6944397670643,0.148125201117144,0.0696348544508462,-1.56503723596837,0.431486844041121,17.3910141259067
"187","EC10","Dofetilide","in vivo Hill","in vitro Donor 1392",0.00360308264102573,0.000243881906839344,0.0341302838160004,NA,-1.16949464132089,NA,0.976465676438899,-93.2312985535654
"188","EC10","Moxifloxacin","in vivo Linear","in vitro Donor 1392",NA,NA,NA,16.8748810364011,NA,NA,NA,NA
"189","EC10","N-acetylprocainamide","in vivo Linear","in vitro Donor 1392",52.5812619848154,37.3142605536464,NA,10.5491393992248,-0.148956165499802,-0.697613973994831,NA,-29.035060884575
"190","EC10","N-acetylprocainamide","in vivo Hill","in vitro Donor 1392",10.1758463624831,37.3142605536464,NA,10.5491393992248,0.564304298483099,0.0156464899880699,NA,266.694417588877
"191","EC10","Quinidine","in vivo Linear","in vitro Donor 1392",0.204669480911446,NA,NA,0.1931515459182,NA,-0.0251548996576831,NA,NA
"192","EC10","Sematilide","in vivo Linear","in vitro Donor 1392",1.007946529823,0.578270920766004,1.62638100200583,0.286565362603029,-0.241306140302464,-0.546213798302292,0.207784798606634,-42.6288097973259
"193","EC10","Sematilide","in vivo Hill","in vitro Donor 1392",1.10721910105848,0.578270920766004,1.62638100200583,0.286565362603029,-0.282102215663648,-0.587009873663476,0.16698872324545,-47.7726747837725
"194","EC10","Sotalol","in vivo Linear","in vitro Donor 1392",NA,3.57992595774267,7.56500333975676,0.130216974475058,NA,NA,NA,NA
"195","EC10","Vernacalant","in vivo Hill","in vitro Donor 1392",NA,42.5304841455208,NA,11.2015356147709,NA,NA,NA,NA
"196","EC10","Cisapride","in vivo Linear","in vitro Donor 1258",0.0167266666327196,0.0121118079086979,0.0352846267673305,0.000514784326582136,-0.1402004270067,-1.51178408572193,0.324176126549748,-27.5898290158685
"197","EC10","Citalopram","in vivo Linear","in vitro Donor 1258",0.65507567880107,0.533228300915303,1.40934590733951,0.188252308920077,-0.0893782841554601,-0.541551164004714,0.332726123108879,-18.6005040072276
"198","EC10","Disopyramide","in vivo Linear","in vitro Donor 1258",2.99543196587491,20.0430559775433,NA,0.76764213097097,0.825504479330396,-0.591300657704069,NA,569.12072134775
"199","EC10","Disopyramide","in vivo Hill","in vitro Donor 1258",5.44084293516147,20.0430559775433,NA,0.76764213097097,0.566297750414051,-0.850507386620414,NA,268.381447808665
"200","EC10","Dofetilide","in vivo Hill","in vitro Donor 1258",0.00360308264102573,0.00155791495869789,NA,NA,-0.364130475983684,NA,NA,-56.7616090466806
"201","EC10","Moxifloxacin","in vivo Linear","in vitro Donor 1258",NA,18.5096676991996,NA,8.46822216114992,NA,NA,NA,NA
"202","EC10","N-acetylprocainamide","in vivo Linear","in vitro Donor 1258",52.5812619848154,12.014642673457,47.118451690313,3.57654661373351,-0.641120146234228,-1.16736711559782,-0.0476399941270502,-77.1503341305757
"203","EC10","N-acetylprocainamide","in vivo Hill","in vitro Donor 1258",10.1758463624831,12.014642673457,47.118451690313,3.57654661373351,0.0721403177486728,-0.45410665161492,0.66562046985585,18.0702051256711
"204","EC10","Quinidine","in vivo Linear","in vitro Donor 1258",0.204669480911446,0.366072691577038,0.81783362459485,0.109882057405538,0.252514244337814,-0.270126305643973,0.601611874170679,78.8604192216746
"205","EC10","Sematilide","in vivo Linear","in vitro Donor 1258",1.007946529823,0.54548628897164,0.976413938670975,0.234179319215822,-0.266653655109424,-0.633888954869169,-0.0138035234915215,-45.8814259653801
"206","EC10","Sematilide","in vivo Hill","in vitro Donor 1258",1.10721910105848,0.54548628897164,0.976413938670975,0.234179319215822,-0.307449730470607,-0.674685030230353,-0.0545995988527052,-50.7336634230601
"207","EC10","Sotalol","in vivo Linear","in vitro Donor 1258",NA,0.679002389198308,NA,0.255152502104316,NA,NA,NA,NA
"208","EC10","Vernacalant","in vivo Hill","in vitro Donor 1258",NA,16.9322141586085,NA,5.34459086708352,NA,NA,NA,NA
"209","EC10","Cisapride","in vivo Linear","in vitro Donor 1083",0.0167266666327196,0.0111766639665895,0.0337548382533936,0.000477704333931723,-0.175097207585936,-1.54425021997674,0.304926629897787,-33.1805660266673
"210","EC10","Citalopram","in vivo Linear","in vitro Donor 1083",0.65507567880107,1.20996705375913,NA,0.213723520564886,0.266482069511137,-0.486439156050482,NA,84.7064534549102
"211","EC10","Disopyramide","in vivo Linear","in vitro Donor 1083",2.99543196587491,2.78010927481551,13.3988773593175,0.0248709582512521,-0.0323975934628492,-2.08076694157914,0.650608951945302,-7.18836860634592
"212","EC10","Disopyramide","in vivo Hill","in vitro Donor 1083",5.44084293516147,2.78010927481551,13.3988773593175,0.0248709582512521,-0.291604322379194,-2.33997367049549,0.391402223028956,-48.9029676477327
"213","EC10","Dofetilide","in vivo Hill","in vitro Donor 1083",0.00360308264102573,0.00160922190442192,NA,NA,-0.350058287828912,NA,NA,-55.3376354430826
"214","EC10","Moxifloxacin","in vivo Linear","in vitro Donor 1083",NA,28.2926716069078,NA,11.4759415511503,NA,NA,NA,NA
"215","EC10","N-acetylprocainamide","in vivo Linear","in vitro Donor 1083",52.5812619848154,23.5722408377587,NA,7.61424095897626,-0.348430135612469,-0.839204388942942,NA,-55.1698838179921
"216","EC10","N-acetylprocainamide","in vivo Hill","in vitro Donor 1083",10.1758463624831,23.5722408377587,NA,7.61424095897626,0.364830328370432,-0.125943924960042,NA,131.64894592617
"217","EC10","Quinidine","in vivo Linear","in vitro Donor 1083",0.204669480911446,0.209309442956753,NA,0.0282016324012324,0.00973573380045734,-0.86077884068628,NA,2.26705125974013
"218","EC10","Sematilide","in vivo Linear","in vitro Donor 1083",1.007946529823,0.567653983062069,1.00132981248355,0.287487422725725,-0.249353804477379,-0.544818644484093,-0.00286034743544958,-43.6821333010835
"219","EC10","Sematilide","in vivo Hill","in vitro Donor 1083",1.10721910105848,0.567653983062069,1.00132981248355,0.287487422725725,-0.290149879838562,-0.585614719845277,-0.0436564227966333,-48.731557961798
"220","EC10","Sotalol","in vivo Linear","in vitro Donor 1083",NA,1.62483332292258,NA,0.0434553599546231,NA,NA,NA,NA
"221","EC10","Vernacalant","in vivo Hill","in vitro Donor 1083",NA,9.35248794176388,NA,3.90373392315236,NA,NA,NA,NA
"222","EC10","Cisapride","in vivo Linear","in vitro Donor 1070",0.0167266666327196,0.00658866917665026,0.0516455341926162,0.000486403908900108,-0.404611699621795,-1.53641234496702,0.489623372506092,-60.6097896172454
"223","EC10","Citalopram","in vivo Linear","in vitro Donor 1070",0.65507567880107,1.31687511085377,3.87323977975965,0.442288907035786,0.303253113966183,-0.170585428496001,0.77178290804177,101.026408622578
"224","EC10","Disopyramide","in vivo Linear","in vitro Donor 1070",2.99543196587491,6.77386352384614,14.7944160525815,0.348473505598474,0.354376982395062,-0.934289695741913,0.693638367814473,126.139788885762
"225","EC10","Disopyramide","in vivo Hill","in vitro Donor 1070",5.44084293516147,6.77386352384614,14.7944160525815,0.348473505598474,0.0951702534787165,-1.19349642465826,0.434431638898128,24.5002585917344
"226","EC10","Dofetilide","in vivo Hill","in vitro Donor 1070",0.00360308264102573,0.000467868318324593,0.0428883332879538,NA,-0.886550585339344,NA,1.07566494585818,-87.0147769302511
"227","EC10","Moxifloxacin","in vivo Linear","in vitro Donor 1070",NA,77.341300212362,NA,13.4671532319432,NA,NA,NA,NA
"228","EC10","N-acetylprocainamide","in vivo Linear","in vitro Donor 1070",52.5812619848154,80.8619057880188,NA,12.0861773876181,0.186912967508403,-0.638542041192237,NA,53.7846425431371
"229","EC10","N-acetylprocainamide","in vivo Hill","in vitro Donor 1070",10.1758463624831,80.8619057880188,NA,12.0861773876181,0.900173431491304,0.0747184227906632,NA,694.645505715819
"230","EC10","Quinidine","in vivo Linear","in vitro Donor 1070",0.204669480911446,0.604103000078966,NA,0.118357409048378,0.470057904420276,-0.237857638604943,NA,195.160273719726
"231","EC10","Sematilide","in vivo Linear","in vitro Donor 1070",1.007946529823,1.26764183304373,NA,0.482490636983219,0.0995590687727353,-0.319948603975909,NA,25.7647896527153
"232","EC10","Sematilide","in vivo Hill","in vitro Donor 1070",1.10721910105848,1.26764183304373,NA,0.482490636983219,0.0587629934115515,-0.360744679337093,NA,14.488797369183
"233","EC10","Sotalol","in vivo Linear","in vitro Donor 1070",NA,1.7556069652565,NA,0.345241642483566,NA,NA,NA,NA
"234","EC10","Vernacalant","in vivo Hill","in vitro Donor 1070",NA,21.1122622294608,49.2689479818343,6.10361362777962,NA,NA,NA,NA
"235","ECmax","Cisapride","in vivo Linear","in vitro Population Median",0.212124386,0.451675648381712,0.287336169821175,0.679457684453236,0.328236078411645,0.505571816489332,0.131799700088049,112.92961969102
"236","ECmax","Citalopram","in vivo Linear","in vitro Population Median",0.152654118,0.112111271010116,0.0815236417611707,0.145799074211567,-0.134059248116083,-0.019953758000738,-0.272424952428366,-26.5586330202268
"237","ECmax","Disopyramide","in vivo Linear","in vitro Population Median",0.105570004,0.0947872015412944,0.047883975100998,0.376647473915141,-0.0467908364866226,0.552394521058689,-0.343350341706591,-10.2138884627736
"238","ECmax","Disopyramide","in vivo Hill","in vitro Population Median",0.120474259,0.181144915706975,0.0844781327450694,0.376656415973686,0.177131885191734,0.495051105843297,-0.154149957863905,50.3598504863805
"239","ECmax","Dofetilide","in vivo Hill","in vitro Population Median",0.122016447,0.254303146962667,6.13148091955746e-05,0.555979660443535,0.318933359928446,0.658640529349968,-3.29885299348064,108.417105410934
"240","ECmax","Moxifloxacin","in vivo Linear","in vitro Population Median",0.016974263,0.00164834601512535,1.30539405351343e-05,0.00766576058199072,-1.01274254433641,-0.345235675681484,-3.11404929685667,-90.2891453070725
"241","ECmax","N-acetylprocainamide","in vivo Linear","in vitro Population Median",0.190181818,NA,NA,NA,NA,NA,NA,NA
"242","ECmax","N-acetylprocainamide","in vivo Hill","in vitro Population Median",0.29921251,NA,NA,NA,NA,NA,NA,NA
"243","ECmax","Quinidine","in vivo Linear","in vitro Population Median",1.093822647,0.383322316894762,0.273948580338053,0.528363841957145,-0.455382806494301,-0.316013821503919,-0.601277856794764,-64.9557158149824
"244","ECmax","Sematilide","in vivo Linear","in vitro Population Median",0.279616313,0.621703307553062,0.241264303861925,0.898381447503589,0.347020673045753,0.506898269881354,-0.0640694339977568,122.341572593821
"245","ECmax","Sematilide","in vivo Hill","in vitro Population Median",0.152194953,0.621703307553062,0.241264303861925,0.898381447503589,0.611182927031053,0.771060523866654,0.200092819987543,308.491408748004
"246","ECmax","Sotalol","in vivo Linear","in vitro Population Median",0.052436194,0.206002053861557,0.128342313166381,0.364160313408998,0.594240388782091,0.841661452578942,0.388738700924994,292.862330667167
"247","ECmax","Vernacalant","in vivo Hill","in vitro Population Median",0.030274975,0.0856255869544783,0.0383203195705352,0.158832688348949,0.451519768363849,0.719856093494252,0.102345329010116,182.826284594713
"248","ECmax","Cabazitaxel","in vivo Linear","in vitro Population Median",0,2.22284414181192e-11,6.79740234384785e-37,0.00825728988010687,Inf,Inf,Inf,Inf
"249","ECmax","Lamotrigine","in vivo Linear","in vitro Population Median",0,7.97721188690233e-05,1.16126061371218e-11,0.00689687442595656,Inf,Inf,Inf,Inf
"250","ECmax","Mifepristone","in vivo Linear","in vitro Population Median",0,1.26643563068943e-05,1.55085557475077e-29,0.00180006527558947,Inf,Inf,Inf,Inf
"251","ECmax","Cisapride","in vivo Linear","in vitro Standard Donor",0.212124386,0.671274647006319,0.420888143340357,0.900428943854096,0.500309646621268,0.627858848489545,0.297576093346516,216.453312919109
"252","ECmax","Citalopram","in vivo Linear","in vitro Standard Donor",0.152654118,0.061581041789886,0.0131849312175311,0.119310803068642,-0.394261492573677,-0.107028755421198,-1.06363065579748,-59.6597572363649
"253","ECmax","Disopyramide","in vivo Linear","in vitro Standard Donor",0.105570004,0.0475106850667935,0.0138612469454374,0.0943191568963273,-0.346749245360117,-0.0489406279937531,-0.88173823723186,-54.9960374475372
"254","ECmax","Disopyramide","in vivo Hill","in vitro Standard Donor",0.120474259,0.0819638359087431,0.0455776809595912,0.205219437602735,-0.167271988577077,0.231324229335465,-0.422142039724209,-31.9656857912336
"255","ECmax","Dofetilide","in vivo Hill","in vitro Standard Donor",0.122016447,0.182633445450828,0.000122347186286187,0.342394684042805,0.175161937717204,0.448108638672315,-2.9988243886153,49.6793669552006
"256","ECmax","Moxifloxacin","in vivo Linear","in vitro Standard Donor",0.016974263,0.00129260680344182,1.35678817751397e-06,0.0173489441674413,-1.11832448943468,0.00948212250318936,-4.09727887620291,-92.3849017571967
"257","ECmax","N-acetylprocainamide","in vivo Linear","in vitro Standard Donor",0.190181818,NA,NA,NA,NA,NA,NA,NA
"258","ECmax","N-acetylprocainamide","in vivo Hill","in vitro Standard Donor",0.29921251,NA,NA,NA,NA,NA,NA,NA
"259","ECmax","Quinidine","in vivo Linear","in vitro Standard Donor",1.093822647,0.104625447518781,0.0320144656864787,0.21192685094947,-1.01930958233041,-0.712760926027904,-1.53360065300847,-90.4348801146388
"260","ECmax","Sematilide","in vivo Linear","in vitro Standard Donor",0.279616313,0.28632826454262,0.193429206276733,0.495233815777431,0.0103017161444784,0.248247786875983,-0.160040455117065,2.40041486514411
"261","ECmax","Sematilide","in vivo Hill","in vitro Standard Donor",0.152194953,0.28632826454262,0.193429206276733,0.495233815777431,0.274463970129778,0.512410040861283,0.104121798868235,88.1325621504807
"262","ECmax","Sotalol","in vivo Linear","in vitro Standard Donor",0.052436194,0.100221326727526,0.0366956552205225,0.24140306140053,0.281328986055403,0.6631116118183,-0.15501651490427,91.1300555633883
"263","ECmax","Vernacalant","in vivo Hill","in vitro Standard Donor",0.030274975,0.0827507552849612,0.0104506523779711,0.209990375341324,0.436688173180076,0.841115596629639,-0.461940391230313,173.330548695618
"264","ECmax","Cabazitaxel","in vivo Linear","in vitro Standard Donor",0,3.73133576480626e-11,3.40773588935924e-40,0.00184139367531301,Inf,Inf,Inf,Inf
"265","ECmax","Lamotrigine","in vivo Linear","in vitro Standard Donor",0,8.35722774097069e-05,3.7287577611236e-14,0.0401446344173028,Inf,Inf,Inf,Inf
"266","ECmax","Mifepristone","in vivo Linear","in vitro Standard Donor",0,1.18529288374036e-05,8.64097871779048e-31,0.00251488364404982,Inf,Inf,Inf,Inf
"267","ECmax","Cisapride","in vivo Linear","in vitro Donor 1392",0.212124386,0.181133282322269,0.0949121849333174,0.269514385003419,-0.0685923411944875,0.103991351832656,-0.34926862702814,-14.6098731325169
"268","ECmax","Citalopram","in vivo Linear","in vitro Donor 1392",0.152654118,0.122521543385755,0.0394005291674172,0.217561694323906,-0.0954960654154678,0.153873908020973,-0.588206469686332,-19.739116775248
"269","ECmax","Disopyramide","in vivo Linear","in vitro Donor 1392",0.105570004,0.0499611681416141,0.014150308026823,1.74942110518857,-0.324907953953971,1.2193538235823,-0.872774644235036,-52.6748448909653
"270","ECmax","Disopyramide","in vivo Hill","in vitro Donor 1392",0.120474259,0.123381666158451,0.0459596789887692,1.75029828183648,0.0103563669339155,1.16221780269728,-0.41851727712836,2.41330154888201
"271","ECmax","Dofetilide","in vivo Hill","in vitro Donor 1392",0.122016447,0.877406952224427,2.88559334051195e-06,1.29309556012619,0.856782696651146,1.02521224594241,-4.62618324757927,619.089084952971
"272","ECmax","Moxifloxacin","in vivo Linear","in vitro Donor 1392",0.016974263,0.00102190378607354,3.25997154644995e-07,0.0142403941898877,-1.22038091868923,-0.0762689156515133,-4.71657711737796,-93.9796868584307
"273","ECmax","N-acetylprocainamide","in vivo Linear","in vitro Donor 1392",0.190181818,NA,NA,NA,NA,NA,NA,NA
"274","ECmax","N-acetylprocainamide","in vivo Hill","in vitro Donor 1392",0.29921251,NA,NA,NA,NA,NA,NA,NA
"275","ECmax","Quinidine","in vivo Linear","in vitro Donor 1392",1.093822647,0.0730010507133121,0.0211611868194824,0.146637279468291,-1.17561779994097,-0.872702516310108,-1.71340688962591,-93.3260615042548
"276","ECmax","Sematilide","in vivo Linear","in vitro Donor 1392",0.279616313,0.303390552583433,0.166703369461417,0.595085177702266,0.0354395481285507,0.328016628214679,-0.224618126824448,8.50245085072439
"277","ECmax","Sematilide","in vivo Hill","in vitro Donor 1392",0.152194953,0.303390552583433,0.166703369461417,0.595085177702266,0.29960180211385,0.592178882199978,0.0395441271608514,99.3433728275028
"278","ECmax","Sotalol","in vivo Linear","in vitro Donor 1392",0.052436194,0.0507355958444247,0.00686295946110377,1.52936281744419,-0.0143183964263327,1.46487936564966,-0.883119728010025,-3.24317618394525
"279","ECmax","Vernacalant","in vivo Hill","in vitro Donor 1392",0.030274975,0.018088435755157,0.00099241780915399,0.100141678426933,-0.223682781459075,0.519531072936399,-1.48438924401099,-40.252846599685
"280","ECmax","Cabazitaxel","in vivo Linear","in vitro Donor 1392",0,4.21631782169928e-11,1.352162695141e-40,0.543610431190245,Inf,Inf,Inf,Inf
"281","ECmax","Lamotrigine","in vivo Linear","in vitro Donor 1392",0,4.02609107663316e-05,1.17691721164481e-14,0.0106880781125135,Inf,Inf,Inf,Inf
"282","ECmax","Mifepristone","in vivo Linear","in vitro Donor 1392",0,1.20003139614465e-05,3.04276109205702e-31,0.0025218344985125,Inf,Inf,Inf,Inf
"283","ECmax","Cisapride","in vivo Linear","in vitro Donor 1258",0.212124386,0.208930186425154,0.100733536361431,0.336491291152969,-0.00658940647085349,0.200383230330382,-0.323416517646694,-1.50581441157181
"284","ECmax","Citalopram","in vivo Linear","in vitro Donor 1258",0.152654118,0.160610466876662,0.0677276356919865,0.255538224279575,0.0220653202179405,0.223747348252702,-0.3529426092684,5.21201064268851
"285","ECmax","Disopyramide","in vivo Linear","in vitro Donor 1258",0.105570004,0.039429099854909,0.00404252066379792,0.153793203945701,-0.427723675532549,0.163396606596478,-1.41688828948099,-62.6512282268087
"286","ECmax","Disopyramide","in vivo Hill","in vitro Donor 1258",0.120474259,0.0720801856830881,0.00544769808860108,0.21852969181143,-0.22307836702776,0.258616189498806,-1.3446812327963,-40.169637662525
"287","ECmax","Dofetilide","in vivo Hill","in vitro Donor 1258",0.122016447,0.149705336082222,6.47551207839008e-05,4.20476921919912,0.088818905960078,1.53732378971596,-3.27514425683197,22.6927514798246
"288","ECmax","Moxifloxacin","in vivo Linear","in vitro Donor 1258",0.016974263,0.00210665775206903,2.77808857749537e-06,0.0244660096700766,-0.9061969410784,0.158772216179839,-3.78604483805984,-87.5891062129235
"289","ECmax","N-acetylprocainamide","in vivo Linear","in vitro Donor 1258",0.190181818,NA,NA,NA,NA,NA,NA,NA
"290","ECmax","N-acetylprocainamide","in vivo Hill","in vitro Donor 1258",0.29921251,NA,NA,NA,NA,NA,NA,NA
"291","ECmax","Quinidine","in vivo Linear","in vitro Donor 1258",1.093822647,0.348223896435674,0.220073744172591,0.503715403720799,-0.497088340234095,-0.336761679086069,-0.696378678681432,-68.1645011290689
"292","ECmax","Sematilide","in vivo Linear","in vitro Donor 1258",0.279616313,0.313953172194504,0.235002963145038,0.424839304207582,0.0503023707050139,0.181662184050811,-0.0754891665272391,12.2799914018264
"293","ECmax","Sematilide","in vivo Hill","in vitro Donor 1258",0.152194953,0.313953172194504,0.235002963145038,0.424839304207582,0.314464624690314,0.445824438036111,0.188673087458061,106.283563289056
"294","ECmax","Sotalol","in vivo Linear","in vitro Donor 1258",0.052436194,0.323763364325385,0.0390034112914068,0.590378448047771,0.790596542726342,1.05149933347767,-0.128528568895266,517.442532776854
"295","ECmax","Vernacalant","in vivo Hill","in vitro Donor 1258",0.030274975,0.0605492773013978,0.000641937459313218,0.209654640533271,0.301025170706838,0.840420686407362,-1.67359107415288,99.9977780374643
"296","ECmax","Cabazitaxel","in vivo Linear","in vitro Donor 1258",0,4.52584400292831e-11,3.19225441404019e-41,0.0371937703945633,Inf,Inf,Inf,Inf
"297","ECmax","Lamotrigine","in vivo Linear","in vitro Donor 1258",0,2.80010639024189e-05,3.58748896029575e-14,0.00734190457583122,Inf,Inf,Inf,Inf
"298","ECmax","Mifepristone","in vivo Linear","in vitro Donor 1258",0,1.17976798978426e-05,4.18136864824216e-31,0.0024536862125085,Inf,Inf,Inf,Inf
"299","ECmax","Cisapride","in vivo Linear","in vitro Donor 1083",0.212124386,0.223675820142487,0.106646218395648,0.377002821402751,0.0230284401771509,0.249754002128407,-0.298645137986507,5.44559461564563
"300","ECmax","Citalopram","in vivo Linear","in vitro Donor 1083",0.152654118,0.089180944707877,0.0209479178874654,0.19070928687081,-0.233436455739584,0.0966633178453382,-0.862567661460891,-41.5797320922079
"301","ECmax","Disopyramide","in vivo Linear","in vitro Donor 1083",0.105570004,0.111438878835536,0.0339200534907808,0.321581340300748,0.0234961960771369,0.483750302938459,-0.493084009557104,5.55922573947773
"302","ECmax","Disopyramide","in vivo Hill","in vitro Donor 1083",0.120474259,0.233820564995274,0.0734565687271555,0.344397605514523,0.28798844182047,0.456165859512564,-0.214863625871158,94.083422414139
"303","ECmax","Dofetilide","in vivo Hill","in vitro Donor 1083",0.122016447,0.144572446751342,5.72675736945648e-05,4.32468728600686,0.0736671564961595,1.54953633490986,-3.32850959123996,18.4860322570626
"304","ECmax","Moxifloxacin","in vivo Linear","in vitro Donor 1083",0.016974263,0.00127937002020972,1.47467565487898e-06,0.0151717109993376,-1.12279475729907,-0.048756365486605,-4.06109441624232,-92.4628832473627
"305","ECmax","N-acetylprocainamide","in vivo Linear","in vitro Donor 1083",0.190181818,NA,NA,NA,NA,NA,NA,NA
"306","ECmax","N-acetylprocainamide","in vivo Hill","in vitro Donor 1083",0.29921251,NA,NA,NA,NA,NA,NA,NA
"307","ECmax","Quinidine","in vivo Linear","in vitro Donor 1083",1.093822647,0.204722431513249,0.0821380324687693,0.699295648700731,-0.72778147988335,-0.194286085068155,-1.12440261539244,-81.2837636819153
"308","ECmax","Sematilide","in vivo Linear","in vitro Donor 1083",0.279616313,0.449575175027222,0.180511565153486,1.57190418297479,0.206239817191776,0.749863564807323,-0.190057472993867,60.7828850197383
"309","ECmax","Sematilide","in vivo Hill","in vitro Donor 1083",0.152194953,0.449575175027222,0.180511565153486,1.57190418297479,0.470402071177076,1.01402581879262,0.0741047809914327,195.394273046112
"310","ECmax","Sotalol","in vivo Linear","in vitro Donor 1083",0.052436194,0.113219204504455,0.00983865938511598,0.305904970007025,0.334288937570393,0.765955371411329,-0.726695236035234,115.918044136565
"311","ECmax","Vernacalant","in vivo Hill","in vitro Donor 1083",0.030274975,0.124161532972369,0.00305649816855327,0.270699665809009,0.612903272815752,0.951403926424374,-0.995859653292651,310.112751446927
"312","ECmax","Cabazitaxel","in vivo Linear","in vitro Donor 1083",0,4.00583243360668e-11,1.08481747033953e-37,0.19736240202549,Inf,Inf,Inf,Inf
"313","ECmax","Lamotrigine","in vivo Linear","in vitro Donor 1083",0,9.93294946717249e-05,8.29764887286392e-15,0.0741568204288362,Inf,Inf,Inf,Inf
"314","ECmax","Mifepristone","in vivo Linear","in vitro Donor 1083",0,1.1988873841874e-05,2.32670696086072e-31,0.00274141799361325,Inf,Inf,Inf,Inf
"315","ECmax","Cisapride","in vivo Linear","in vitro Donor 1070",0.212124386,0.157815989896344,0.0862588655321168,0.224348196041989,-0.128439594484687,0.0243319835212513,-0.39078685619961,-25.6021465177775
"316","ECmax","Citalopram","in vivo Linear","in vitro Donor 1070",0.152654118,0.0819306977435166,0.0187149300260956,0.152521438161394,-0.270261870885845,-0.000377632639532721,-0.911520316673099,-46.3291925452567
"317","ECmax","Disopyramide","in vivo Linear","in vitro Donor 1070",0.105570004,0.0458908603199797,0.0115189576825573,0.64436905,-0.361814338482391,0.785594134430748,-0.962127355207057,-56.5303982370033
"318","ECmax","Disopyramide","in vivo Hill","in vitro Donor 1070",0.120474259,0.117457139104061,0.0427606003481713,0.64436905,-0.0110148452169249,0.72824040867074,-0.449850469804259,-2.50436891746199
"319","ECmax","Dofetilide","in vivo Hill","in vitro Donor 1070",0.122016447,0.269285704646984,9.65898212020477e-06,0.379707814450059,0.343794924374043,0.493031160476028,-4.10148701246527,120.696235030499
"320","ECmax","Moxifloxacin","in vivo Linear","in vitro Donor 1070",0.016974263,0.000881999817440755,4.39225771334769e-07,0.0129152781436005,-1.28432243163103,-0.118687163289401,-4.58710311268748,-94.8038991887851
"321","ECmax","N-acetylprocainamide","in vivo Linear","in vitro Donor 1070",0.190181818,NA,NA,NA,NA,NA,NA,NA
"322","ECmax","N-acetylprocainamide","in vivo Hill","in vitro Donor 1070",0.29921251,NA,NA,NA,NA,NA,NA,NA
"323","ECmax","Quinidine","in vivo Linear","in vitro Donor 1070",1.093822647,0.140373195125416,0.0492855938658369,0.256904570315819,-0.891662725678595,-0.629175080555529,-1.34622691701635,-87.166731689967
"324","ECmax","Sematilide","in vivo Linear","in vitro Donor 1070",0.279616313,0.126085540525815,0.0298894519822207,0.29939675,-0.345897220247859,0.0296845768569016,-0.971044552438795,-54.907659294608
"325","ECmax","Sematilide","in vivo Hill","in vitro Donor 1070",0.152194953,0.126085540525815,0.0298894519822207,0.29939675,-0.0817349662625594,0.293846830842201,-0.706882298453495,-17.155241983737
"326","ECmax","Sotalol","in vivo Linear","in vitro Donor 1070",0.052436194,0.106345616068206,0.0252257467777767,0.680545,0.307088429927507,1.11322568597989,-0.317787129706031,102.809563310804
"327","ECmax","Vernacalant","in vivo Hill","in vitro Donor 1070",0.030274975,0.0472892310018073,0.00418233185852546,0.168772804002772,0.193678458562798,0.746218672659257,-0.859665303061492,56.1990753148676
"328","ECmax","Cabazitaxel","in vivo Linear","in vitro Donor 1070",0,2.84927358622919e-11,1.63274515407574e-40,9.87800860468754e-06,Inf,Inf,Inf,Inf
"329","ECmax","Lamotrigine","in vivo Linear","in vitro Donor 1070",0,2.50852597287894e-05,1.7324085591502e-14,0.00777529725734403,Inf,Inf,Inf,Inf
"330","ECmax","Mifepristone","in vivo Linear","in vitro Donor 1070",0,1.2437887446339e-05,9.06522303712567e-31,0.00237231676237006,Inf,Inf,Inf,Inf
