"","Cell.line","baseline","treatment"
"1","11007",25.8309972,24.62955547
"2","11007",29.43532239,25.8309972
"3","11007",27.63315979,24.0288346
"4","11007",27.03243893,24.62955547
"5","11007",27.63315979,25.8309972
"6","11007",26.43171806,26.43171806
"7","11007",27.03243893,25.23027633
"8","11007",28.83460152,26.43171806
"9","11007",26.43171806,25.23027633
"10","11007",27.03243893,24.0288346
"11","11007",26.43171806,24.62955547
"12","11007",25.8309972,24.62955547
"13","11007",29.43532239,25.23027633
"14","11007",27.03243893,24.62955547
"15","11007",30.03604325,25.8309972
"16","11007",26.43171806,24.0288346
"17","11007",27.03243893,24.0288346
"18","11007",26.43171806,24.0288346
"19","11007",0,0
"20","11007",0,0
"21","11007",0,0
"22","11007",0,0
"23","11007",0,0
"24","11007",0,0
"25","11007",0,0
"26","11007",0,0
"27","11007",0,0
"28","11007",0,0
"29","11007",0,0
"30","11007",0,0
"31","11007",0,0
"32","11007",0,0
"33","11007",0,0
"34","11007",0,0
"35","11007",0,0
"36","11007",0,0
"37","11007",0,0
"38","11007",0,0
"39","11007",0,0
"40","11007",0,0
"41","11007",0,0
"42","11007",0,0
"43","11007",0,0
"44","11007",0,0
"45","11007",0,0
"46","11007",0,0
"47","11007",0,0
"48","11007",0,0
"49","11007",0,0
"50","11007",0,0
"51","11007",0,0
"52","11007",0,0
"53","11007",0,0
"54","11007",0,0
"55","11007",0,0
"56","11007",0,0
"57","11007",0,0
"58","11007",0,0
"59","11007",0,0
"60","11007",0,0
"61","11007",0,0
"62","11007",0,0
"63","11007",0,0
"64","11007",0,0
"65","11007",0,0
"66","11007",0,0
"67","11007",0,0
"68","11007",0,0
"69","11007",0,0
"70","11007",0,0
"71","11007",0,0
"72","11007",0,0
"73","11007",0,0
"74","11007",0,0
"75","11007",0,0
"76","11007",0,0
"77","11007",0,0
"78","11007",0,0
"79","11007",0,0
"80","11007",0,0
"81","11007",0,0
"82","11007",0,0
"83","11007",0,0
"84","11007",0,0
"85","11007",0,0
"86","11007",0,0
"87","11007",0,0
"88","11007",0,0
"89","11007",0,0
"90","11007",0,0
"91","11007",0,0
"92","11007",0,0
"93","11007",0,0
"94","11007",0,0
"95","11007",26.43171806,25.23027633
"96","11007",27.03243893,24.0288346
"97","11007",28.83460152,26.43171806
"98","11007",28.23388066,25.8309972
"99","11007",30.03604325,28.83460152
"100","11007",27.63315979,26.43171806
"101","11007",27.63315979,27.03243893
"102","11007",28.23388066,25.8309972
"103","11007",26.43171806,24.0288346
"104","11007",27.03243893,26.43171806
"105","11007",26.43171806,25.8309972
"106","11007",27.03243893,26.43171806
"107","11007",29.43532239,25.8309972
"108","11007",27.63315979,25.23027633
"109","11007",27.03243893,25.23027633
"110","11007",27.63315979,25.23027633
"111","11007",28.23388066,25.8309972
"112","11007",25.8309972,25.23027633
"113","11007",0,0
"114","11007",0,0
"115","11007",0,0
"116","11007",0,0
"117","11007",0,0
"118","11007",0,0
"119","11007",0,0
"120","11007",0,0
"121","11007",0,0
"122","11007",0,0
"123","11007",0,0
"124","11007",0,0
"125","11007",0,0
"126","11007",0,0
"127","11007",0,0
"128","11007",0,0
"129","11007",0,0
"130","11007",0,0
"131","11007",0,0
"132","11007",0,0
"133","11007",0,0
"134","11007",0,0
"135","11007",0,0
"136","11007",0,0
"137","11007",0,0
"138","11007",0,0
"139","11007",0,0
"140","11007",0,0
"141","11007",0,0
"142","11007",0,0
"143","11007",0,0
"144","11007",0,0
"145","11007",0,0
"146","11007",0,0
"147","11007",0,0
"148","11007",0,0
"149","11007",0,0
"150","11007",0,0
"151","11007",0,0
"152","11007",0,0
"153","11007",0,0
"154","11007",0,0
"155","11007",0,0
"156","11007",0,0
"157","11007",0,0
"158","11007",0,0
"159","11007",0,0
"160","11007",0,0
"161","11007",0,0
"162","11007",0,0
"163","11007",0,0
"164","11007",0,0
"165","11007",0,0
"166","11007",0,0
"167","11007",0,0
"168","11007",0,0
"169","11007",0,0
"170","11007",0,0
"171","11007",0,0
"172","11007",0,0
"173","11007",0,0
"174","11007",0,0
"175","11007",0,0
"176","11007",0,0
"177","11007",0,0
"178","11007",0,0
"179","11007",0,0
"180","11007",0,0
"181","11007",0,0
"182","11007",0,0
"183","11007",0,0
"184","11007",0,0
"185","11007",0,0
"186","11007",0,0
"187","11007",0,0
"188","11007",0,0
"189","11235",14.41730076,11.03581801
"190","11235",10.81297557,10.45498548
"191","11235",13.21585903,8.712487899
"192","11235",9.611533841,14.52081317
"193","11235",9.611533841,10.45498548
"194","11235",10.21225471,11.03581801
"195","11235",9.010812976,11.61665053
"196","11235",9.611533841,9.874152953
"197","11235",9.611533841,10.45498548
"198","11235",12.0144173,9.293320426
"199","11235",14.41730076,10.45498548
"200","11235",8.410092111,10.45498548
"201","11235",12.61513817,11.03581801
"202","11235",9.010812976,13.35914811
"203","11235",11.41369644,11.03581801
"204","11235",9.010812976,13.93998064
"205","11235",12.0144173,11.03581801
"206","11235",8.410092111,11.61665053
"207","11235",0,0
"208","11235",0,0
"209","11235",0,0
"210","11235",0,0
"211","11235",0,0
"212","11235",0,0
"213","11235",0,0
"214","11235",0,0
"215","11235",0,0
"216","11235",0,0
"217","11235",0,0
"218","11235",0,0
"219","11235",0,0
"220","11235",0,0
"221","11235",0,0
"222","11235",0,0
"223","11235",0,0
"224","11235",0,0
"225","11235",0,0
"226","11235",0,0
"227","11235",0,0
"228","11235",0,0
"229","11235",0,0
"230","11235",0,0
"231","11235",0,0
"232","11235",0,0
"233","11235",0,0
"234","11235",0,0
"235","11235",0,0
"236","11235",0,0
"237","11235",0,0
"238","11235",0,0
"239","11235",0,0
"240","11235",0,0
"241","11235",0,0
"242","11235",0,0
"243","11235",0,0
"244","11235",0,0
"245","11235",0,0
"246","11235",0,0
"247","11235",0,0
"248","11235",0,0
"249","11235",0,0
"250","11235",0,0
"251","11235",0,0
"252","11235",0,0
"253","11235",0,0
"254","11235",0,0
"255","11235",0,0
"256","11235",0,0
"257","11235",0,0
"258","11235",0,0
"259","11235",0,0
"260","11235",0,0
"261","11235",0,0
"262","11235",0,0
"263","11235",0,0
"264","11235",0,0
"265","11235",0,0
"266","11235",0,0
"267","11235",0,0
"268","11235",0,0
"269","11235",0,0
"270","11235",0,0
"271","11235",0,0
"272","11235",0,0
"273","11235",0,0
"274","11235",0,0
"275","11235",0,0
"276","11235",0,0
"277","11235",0,0
"278","11235",0,0
"279","11235",0,0
"280","11235",0,0
"281","11235",0,0
"282","11235",0,0
"283","11235",13.21585903,11.65803109
"284","11235",12.0144173,10.54774241
"285","11235",15.01802163,11.10288675
"286","11235",13.8165799,8.8823094
"287","11235",12.0144173,11.10288675
"288","11235",12.0144173,9.437453738
"289","11235",13.21585903,8.8823094
"290","11235",12.0144173,9.437453738
"291","11235",12.61513817,10.54774241
"292","11235",12.61513817,10.54774241
"293","11235",12.0144173,9.992598075
"294","11235",9.611533841,10.54774241
"295","11235",10.81297557,13.3234641
"296","11235",14.41730076,9.437453738
"297","11235",15.01802163,11.10288675
"298","11235",13.8165799,10.54774241
"299","11235",13.21585903,11.65803109
"300","11235",13.8165799,9.437453738
"301","11235",0,0
"302","11235",0,0
"303","11235",0,0
"304","11235",0,0
"305","11235",0,0
"306","11235",0,0
"307","11235",0,0
"308","11235",0,0
"309","11235",0,0
"310","11235",0,0
"311","11235",0,0
"312","11235",0,0
"313","11235",0,0
"314","11235",0,0
"315","11235",0,0
"316","11235",0,0
"317","11235",0,0
"318","11235",0,0
"319","11235",0,0
"320","11235",0,0
"321","11235",0,0
"322","11235",0,0
"323","11235",0,0
"324","11235",0,0
"325","11235",0,0
"326","11235",0,0
"327","11235",0,0
"328","11235",0,0
"329","11235",0,0
"330","11235",0,0
"331","11235",0,0
"332","11235",0,0
"333","11235",0,0
"334","11235",0,0
"335","11235",0,0
"336","11235",0,0
"337","11235",0,0
"338","11235",0,0
"339","11235",0,0
"340","11235",0,0
"341","11235",0,0
"342","11235",0,0
"343","11235",0,0
"344","11235",0,0
"345","11235",0,0
"346","11235",0,0
"347","11235",0,0
"348","11235",0,0
"349","11235",0,0
"350","11235",0,0
"351","11235",0,0
"352","11235",0,0
"353","11235",0,0
"354","11235",0,0
"355","11235",0,0
"356","11235",0,0
"357","11235",0,0
"358","11235",0,0
"359","11235",0,0
"360","11235",0,0
"361","11235",0,0
"362","11235",0,0
"363","11235",0,0
"364","11235",0,0
"365","11235",0,0
"366","11235",0,0
"367","11235",0,0
"368","11235",0,0
"369","11235",0,0
"370","11235",0,0
"371","11235",0,0
"372","11235",0,0
"373","11235",0,0
"374","11235",0,0
"375","11235",0,0
"376","11235",0,0
"377","11235",11.40570285,11.65479604
"378","11235",10.8054027,9.989825178
"379","11235",9.604802401,9.989825178
"380","11235",11.40570285,10.54481547
"381","11235",13.80690345,8.324854315
"382","11235",12.60630315,8.879844603
"383","11235",9.004502251,8.879844603
"384","11235",13.80690345,11.09980575
"385","11235",13.2066033,9.43483489
"386","11235",9.604802401,9.43483489
"387","11235",10.20510255,12.20978633
"388","11235",12.60630315,11.65479604
"389","11235",12.006003,9.989825178
"390","11235",13.2066033,12.76477662
"391","11235",13.2066033,12.20978633
"392","11235",10.8054027,9.43483489
"393","11235",10.20510255,9.989825178
"394","11235",14.4072036,11.65479604
"395","11235",0,0
"396","11235",0,0
"397","11235",0,0
"398","11235",0,0
"399","11235",0,0
"400","11235",0,0
"401","11235",0,0
"402","11235",0,0
"403","11235",0,0
"404","11235",0,0
"405","11235",0,0
"406","11235",0,0
"407","11235",0,0
"408","11235",0,0
"409","11235",0,0
"410","11235",0,0
"411","11235",0,0
"412","11235",0,0
"413","11235",0,0
"414","11235",0,0
"415","11235",0,0
"416","11235",0,0
"417","11235",0,0
"418","11235",0,0
"419","11235",0,0
"420","11235",0,0
"421","11235",0,0
"422","11235",0,0
"423","11235",0,0
"424","11235",0,0
"425","11235",0,0
"426","11235",0,0
"427","11235",0,0
"428","11235",0,0
"429","11235",0,0
"430","11235",0,0
"431","11235",0,0
"432","11235",0,0
"433","11235",0,0
"434","11235",0,0
"435","11235",0,0
"436","11235",0,0
"437","11235",0,0
"438","11235",0,0
"439","11235",0,0
"440","11235",0,0
"441","11235",0,0
"442","11235",0,0
"443","11235",0,0
"444","11235",0,0
"445","11235",0,0
"446","11235",0,0
"447","11235",0,0
"448","11235",0,0
"449","11235",0,0
"450","11235",0,0
"451","11235",0,0
"452","11235",0,0
"453","11235",0,0
"454","11235",0,0
"455","11235",0,0
"456","11235",0,0
"457","11235",0,0
"458","11235",0,0
"459","11235",0,0
"460","11235",0,0
"461","11235",0,0
"462","11235",0,0
"463","11235",0,0
"464","11235",0,0
"465","11235",0,0
"466","11235",0,0
"467","11235",0,0
"468","11235",0,0
"469","11235",0,0
"470","11235",0,0
"471","11237",23.27944573,16.09025338
"472","11237",13.30254042,17.19992602
"473","11237",21.61662818,16.09025338
"474","11237",21.06235566,11.65156279
"475","11237",10.53117783,13.87090808
"476","11237",21.06235566,16.6450897
"477","11237",20.50808314,17.19992602
"478","11237",22.17090069,17.75476235
"479","11237",19.39953811,16.09025338
"480","11237",19.39953811,14.98058073
"481","11237",18.84526559,16.6450897
"482","11237",22.17090069,15.53541705
"483","11237",20.50808314,16.6450897
"484","11237",21.61662818,14.98058073
"485","11237",21.06235566,16.6450897
"486","11237",19.95381062,14.98058073
"487","11237",19.95381062,15.53541705
"488","11237",18.84526559,14.98058073
"489","11237",0,0
"490","11237",0,0
"491","11237",0,0
"492","11237",0,0
"493","11237",0,0
"494","11237",0,0
"495","11237",0,0
"496","11237",0,0
"497","11237",0,0
"498","11237",0,0
"499","11237",0,0
"500","11237",0,0
"501","11237",0,0
"502","11237",0,0
"503","11237",0,0
"504","11237",0,0
"505","11237",0,0
"506","11237",0,0
"507","11237",0,0
"508","11237",0,0
"509","11237",0,0
"510","11237",0,0
"511","11237",0,0
"512","11237",0,0
"513","11237",0,0
"514","11237",0,0
"515","11237",0,0
"516","11237",0,0
"517","11237",0,0
"518","11237",0,0
"519","11237",0,0
"520","11237",0,0
"521","11237",0,0
"522","11237",0,0
"523","11237",0,0
"524","11237",0,0
"525","11237",0,0
"526","11237",0,0
"527","11237",0,0
"528","11237",0,0
"529","11237",0,0
"530","11237",0,0
"531","11237",0,0
"532","11237",0,0
"533","11237",0,0
"534","11237",0,0
"535","11237",0,0
"536","11237",0,0
"537","11237",0,0
"538","11237",0,0
"539","11237",0,0
"540","11237",0,0
"541","11237",0,0
"542","11237",0,0
"543","11237",0,0
"544","11237",0,0
"545","11237",0,0
"546","11237",0,0
"547","11237",0,0
"548","11237",0,0
"549","11237",0,0
"550","11237",0,0
"551","11237",0,0
"552","11237",0,0
"553","11237",0,0
"554","11237",0,0
"555","11237",0,0
"556","11237",0,0
"557","11237",0,0
"558","11237",0,0
"559","11237",0,0
"560","11237",0,0
"561","11237",0,0
"562","11237",0,0
"563","11237",0,0
"564","11237",0,0
"565","11237",20.51945651,18.30113689
"566","11237",21.07403642,6.654958869
"567","11237",19.4102967,17.19197708
"568","11237",22.18319623,16.63739717
"569","11237",19.4102967,11.09159811
"570","11237",20.51945651,17.19197708
"571","11237",12.75533783,16.63739717
"572","11237",21.07403642,16.63739717
"573","11237",19.96487661,16.63739717
"574","11237",17.19197708,14.97365745
"575","11237",21.07403642,16.08281727
"576","11237",18.85571679,16.63739717
"577","11237",20.51945651,14.41907755
"578","11237",20.51945651,13.86449764
"579","11237",20.51945651,13.30991774
"580","11237",18.85571679,13.30991774
"581","11237",19.4102967,13.30991774
"582","11237",20.51945651,13.30991774
"583","11237",0,0
"584","11237",0,0
"585","11237",0,0
"586","11237",0,0
"587","11237",0,0
"588","11237",0,0
"589","11237",0,0
"590","11237",0,0
"591","11237",0,0
"592","11237",0,0
"593","11237",0,0
"594","11237",0,0
"595","11237",0,0
"596","11237",0,0
"597","11237",0,0
"598","11237",0,0
"599","11237",0,0
"600","11237",0,0
"601","11237",0,0
"602","11237",0,0
"603","11237",0,0
"604","11237",0,0
"605","11237",0,0
"606","11237",0,0
"607","11237",0,0
"608","11237",0,0
"609","11237",0,0
"610","11237",0,0
"611","11237",0,0
"612","11237",0,0
"613","11237",0,0
"614","11237",0,0
"615","11237",0,0
"616","11237",0,0
"617","11237",0,0
"618","11237",0,0
"619","11237",0,0
"620","11237",0,0
"621","11237",0,0
"622","11237",0,0
"623","11237",0,0
"624","11237",0,0
"625","11237",0,0
"626","11237",0,0
"627","11237",0,0
"628","11237",0,0
"629","11237",0,0
"630","11237",0,0
"631","11237",0,0
"632","11237",0,0
"633","11237",0,0
"634","11237",0,0
"635","11237",0,0
"636","11237",0,0
"637","11237",0,0
"638","11237",0,0
"639","11237",0,0
"640","11237",0,0
"641","11237",0,0
"642","11237",0,0
"643","11237",0,0
"644","11237",0,0
"645","11237",0,0
"646","11237",0,0
"647","11237",0,0
"648","11237",0,0
"649","11237",0,0
"650","11237",0,0
"651","11237",19.96487661,0
"652","11237",19.96487661,0
"653","11237",0,0
"654","11237",0,0
"655","11237",0,0
"656","11237",0,0
"657","11237",0,0
"658","11237",0,0
"659","11237",19.41568047,13.86706111
"660","11237",21.07988166,17.19515577
"661","11237",21.07988166,17.74983822
"662","11237",20.52514793,16.08579088
"663","11237",20.52514793,15.53110844
"664","11237",21.07988166,13.86706111
"665","11237",18.30621302,8.874919109
"666","11237",22.18934911,17.19515577
"667","11237",19.41568047,16.08579088
"668","11237",19.41568047,14.976426
"669","11237",19.41568047,14.976426
"670","11237",18.86094675,14.976426
"671","11237",20.52514793,14.976426
"672","11237",21.63461538,9.429601553
"673","11237",20.52514793,14.976426
"674","11237",22.74408284,15.53110844
"675","11237",19.41568047,13.86706111
"676","11237",21.07988166,16.08579088
"677","11237",0,0
"678","11237",0,0
"679","11237",0,0
"680","11237",0,0
"681","11237",0,0
"682","11237",0,0
"683","11237",0,0
"684","11237",0,0
"685","11237",0,0
"686","11237",0,0
"687","11237",0,0
"688","11237",0,0
"689","11237",0,0
"690","11237",0,0
"691","11237",0,0
"692","11237",0,0
"693","11237",0,0
"694","11237",0,0
"695","11237",0,0
"696","11237",0,0
"697","11237",0,0
"698","11237",0,0
"699","11237",0,0
"700","11237",0,0
"701","11237",0,0
"702","11237",0,0
"703","11237",0,0
"704","11237",0,0
"705","11237",0,0
"706","11237",0,0
"707","11237",0,0
"708","11237",0,0
"709","11237",0,0
"710","11237",0,0
"711","11237",0,0
"712","11237",0,0
"713","11237",0,0
"714","11237",0,0
"715","11237",0,0
"716","11237",0,0
"717","11237",0,0
"718","11237",0,0
"719","11237",0,0
"720","11237",0,0
"721","11237",0,0
"722","11237",0,0
"723","11237",0,0
"724","11237",0,0
"725","11237",0,0
"726","11237",0,0
"727","11237",0,0
"728","11237",0,0
"729","11237",0,0
"730","11237",0,0
"731","11237",0,0
"732","11237",0,0
"733","11237",0,0
"734","11237",0,0
"735","11237",0,0
"736","11237",0,0
"737","11237",0,0
"738","11237",0,0
"739","11237",0,0
"740","11237",0,0
"741","11237",0,0
"742","11237",0,0
"743","11237",0,0
"744","11237",0,0
"745","11237",0,0
"746","11237",0,0
"747","11237",0,0
"748","11237",0,0
"749","11237",0,0
"750","11237",0,0
"751","11237",0,0
"752","11237",0,0
"753","11713",17.19992602,14.42574441
"754","11713",14.98058073,13.31607176
"755","11713",16.6450897,14.42574441
"756","11713",14.98058073,12.76123544
"757","11713",18.86443499,16.09025338
"758","11713",16.6450897,14.42574441
"759","11713",16.6450897,14.42574441
"760","11713",16.6450897,14.42574441
"761","11713",15.53541705,13.31607176
"762","11713",14.42574441,13.31607176
"763","11713",15.53541705,13.87090808
"764","11713",14.42574441,12.76123544
"765","11713",18.30959867,13.87090808
"766","11713",17.19992602,13.87090808
"767","11713",16.09025338,12.76123544
"768","11713",16.6450897,13.87090808
"769","11713",17.19992602,13.31607176
"770","11713",16.6450897,13.31607176
"771","11713",0,0
"772","11713",0,0
"773","11713",0,0
"774","11713",0,0
"775","11713",0,0
"776","11713",0,0
"777","11713",0,0
"778","11713",0,0
"779","11713",0,0
"780","11713",0,0
"781","11713",0,0
"782","11713",0,0
"783","11713",0,0
"784","11713",0,0
"785","11713",0,0
"786","11713",0,0
"787","11713",0,0
"788","11713",0,0
"789","11713",0,0
"790","11713",0,0
"791","11713",0,0
"792","11713",0,0
"793","11713",0,0
"794","11713",0,0
"795","11713",0,0
"796","11713",0,0
"797","11713",0,0
"798","11713",0,0
"799","11713",0,0
"800","11713",0,0
"801","11713",0,0
"802","11713",0,0
"803","11713",0,0
"804","11713",0,0
"805","11713",0,0
"806","11713",0,0
"807","11713",0,0
"808","11713",0,0
"809","11713",0,0
"810","11713",0,0
"811","11713",0,0
"812","11713",0,0
"813","11713",0,0
"814","11713",0,0
"815","11713",0,0
"816","11713",0,0
"817","11713",0,0
"818","11713",0,0
"819","11713",0,0
"820","11713",0,0
"821","11713",0,0
"822","11713",0,0
"823","11713",0,0
"824","11713",0,0
"825","11713",0,0
"826","11713",0,0
"827","11713",0,0
"828","11713",0,0
"829","11713",0,0
"830","11713",0,0
"831","11713",0,0
"832","11713",0,0
"833","11713",0,0
"834","11713",0,0
"835","11713",0,0
"836","11713",0,0
"837","11713",0,0
"838","11713",0,0
"839","11713",0,0
"840","11713",0,0
"841","11713",0,0
"842","11713",0,0
"843","11713",0,0
"844","11713",0,0
"845","11713",0,0
"846","11713",0,0
"847","1309",18.02162595,12.0144173
"848","1309",19.82378855,12.0144173
"849","1309",19.22306768,12.0144173
"850","1309",19.82378855,12.61513817
"851","1309",20.42450941,12.0144173
"852","1309",19.82378855,12.0144173
"853","1309",20.42450941,10.81297557
"854","1309",19.22306768,12.61513817
"855","1309",18.02162595,10.81297557
"856","1309",16.82018422,10.81297557
"857","1309",18.02162595,10.81297557
"858","1309",17.42090509,10.81297557
"859","1309",18.02162595,10.21225471
"860","1309",19.22306768,10.81297557
"861","1309",19.22306768,11.41369644
"862","1309",18.62234682,10.21225471
"863","1309",18.62234682,10.21225471
"864","1309",18.62234682,10.81297557
"865","1309",0,0
"866","1309",0,0
"867","1309",0,0
"868","1309",0,0
"869","1309",0,0
"870","1309",0,0
"871","1309",0,0
"872","1309",0,0
"873","1309",0,0
"874","1309",0,0
"875","1309",0,0
"876","1309",0,0
"877","1309",0,0
"878","1309",0,0
"879","1309",0,0
"880","1309",0,0
"881","1309",0,0
"882","1309",0,0
"883","1309",0,0
"884","1309",0,0
"885","1309",0,0
"886","1309",0,0
"887","1309",0,0
"888","1309",0,0
"889","1309",0,0
"890","1309",0,0
"891","1309",0,0
"892","1309",0,0
"893","1309",0,0
"894","1309",0,0
"895","1309",0,0
"896","1309",0,0
"897","1309",0,0
"898","1309",0,0
"899","1309",0,0
"900","1309",0,0
"901","1309",0,0
"902","1309",0,0
"903","1309",0,0
"904","1309",0,0
"905","1309",0,0
"906","1309",0,0
"907","1309",0,0
"908","1309",0,0
"909","1309",0,0
"910","1309",0,0
"911","1309",0,0
"912","1309",0,0
"913","1309",0,0
"914","1309",0,0
"915","1309",0,0
"916","1309",0,0
"917","1309",0,0
"918","1309",0,0
"919","1309",0,0
"920","1309",0,0
"921","1309",0,0
"922","1309",0,0
"923","1309",0,0
"924","1309",0,0
"925","1309",0,0
"926","1309",0,0
"927","1309",0,0
"928","1309",0,0
"929","1309",0,0
"930","1309",0,0
"931","1309",0,0
"932","1309",0,0
"933","1309",0,0
"934","1309",0,0
"935","1309",0,0
"936","1309",0,0
"937","1309",0,0
"938","1309",0,0
"939","1309",0,0
"940","1309",0,0
"941","1309",16.21946336,12.0144173
"942","1309",16.21946336,11.41369644
"943","1309",16.82018422,12.0144173
"944","1309",17.42090509,12.0144173
"945","1309",18.02162595,11.41369644
"946","1309",16.82018422,10.81297557
"947","1309",18.02162595,10.81297557
"948","1309",16.82018422,10.81297557
"949","1309",16.82018422,11.41369644
"950","1309",16.82018422,10.81297557
"951","1309",16.82018422,11.41369644
"952","1309",16.82018422,10.81297557
"953","1309",16.21946336,9.611533841
"954","1309",18.02162595,12.0144173
"955","1309",17.42090509,11.41369644
"956","1309",17.42090509,10.21225471
"957","1309",17.42090509,10.81297557
"958","1309",17.42090509,10.21225471
"959","1309",0,0
"960","1309",0,0
"961","1309",0,0
"962","1309",0,0
"963","1309",0,0
"964","1309",0,0
"965","1309",0,0
"966","1309",0,0
"967","1309",0,0
"968","1309",0,0
"969","1309",0,0
"970","1309",0,0
"971","1309",0,0
"972","1309",0,0
"973","1309",0,0
"974","1309",0,0
"975","1309",0,0
"976","1309",0,0
"977","1309",0,0
"978","1309",0,0
"979","1309",0,0
"980","1309",0,0
"981","1309",0,0
"982","1309",0,0
"983","1309",0,0
"984","1309",0,0
"985","1309",0,0
"986","1309",0,0
"987","1309",0,0
"988","1309",0,0
"989","1309",0,0
"990","1309",0,0
"991","1309",0,0
"992","1309",0,0
"993","1309",0,0
"994","1309",0,0
"995","1309",0,0
"996","1309",0,0
"997","1309",0,0
"998","1309",0,0
"999","1309",0,0
"1000","1309",0,0
"1001","1309",0,0
"1002","1309",0,0
"1003","1309",0,0
"1004","1309",0,0
"1005","1309",0,0
"1006","1309",0,0
"1007","1309",0,0
"1008","1309",0,0
"1009","1309",0,0
"1010","1309",0,0
"1011","1309",0,0
"1012","1309",0,0
"1013","1309",0,0
"1014","1309",0,0
"1015","1309",0,0
"1016","1309",0,0
"1017","1309",0,0
"1018","1309",0,0
"1019","1309",0,0
"1020","1309",0,0
"1021","1309",0,0
"1022","1309",0,0
"1023","1309",0,0
"1024","1309",0,0
"1025","1309",0,0
"1026","1309",0,0
"1027","1309",0,0
"1028","1309",0,0
"1029","1309",0,0
"1030","1309",0,0
"1031","1309",0,0
"1032","1309",0,0
"1033","1309",0,0
"1034","1309",0,0
"1035","1516",24.0288346,17.41916108
"1036","1516",23.42811374,18.0198218
"1037","1516",25.8309972,19.22114326
"1038","1516",25.8309972,17.41916108
"1039","1516",25.23027633,16.81850035
"1040","1516",25.8309972,17.41916108
"1041","1516",24.62955547,17.41916108
"1042","1516",24.0288346,18.0198218
"1043","1516",25.23027633,17.41916108
"1044","1516",22.82739287,18.0198218
"1045","1516",24.62955547,17.41916108
"1046","1516",22.82739287,19.22114326
"1047","1516",25.23027633,17.41916108
"1048","1516",25.23027633,17.41916108
"1049","1516",23.42811374,16.21783962
"1050","1516",24.62955547,17.41916108
"1051","1516",23.42811374,16.81850035
"1052","1516",24.62955547,17.41916108
"1053","1516",0,0
"1054","1516",0,0
"1055","1516",0,0
"1056","1516",0,0
"1057","1516",0,0
"1058","1516",0,0
"1059","1516",0,0
"1060","1516",0,0
"1061","1516",0,0
"1062","1516",0,0
"1063","1516",0,0
"1064","1516",0,0
"1065","1516",0,0
"1066","1516",0,0
"1067","1516",0,0
"1068","1516",0,0
"1069","1516",0,0
"1070","1516",0,0
"1071","1516",0,0
"1072","1516",0,0
"1073","1516",0,0
"1074","1516",0,0
"1075","1516",0,0
"1076","1516",0,0
"1077","1516",0,0
"1078","1516",0,0
"1079","1516",0,0
"1080","1516",0,0
"1081","1516",0,0
"1082","1516",0,0
"1083","1516",0,0
"1084","1516",0,0
"1085","1516",0,0
"1086","1516",0,0
"1087","1516",0,0
"1088","1516",0,0
"1089","1516",0,0
"1090","1516",0,0
"1091","1516",0,0
"1092","1516",0,0
"1093","1516",0,0
"1094","1516",0,0
"1095","1516",0,0
"1096","1516",0,0
"1097","1516",0,0
"1098","1516",0,0
"1099","1516",0,0
"1100","1516",0,0
"1101","1516",0,0
"1102","1516",0,0
"1103","1516",0,0
"1104","1516",0,0
"1105","1516",0,0
"1106","1516",0,0
"1107","1516",0,0
"1108","1516",0,0
"1109","1516",0,0
"1110","1516",0,0
"1111","1516",0,0
"1112","1516",0,0
"1113","1516",0,0
"1114","1516",0,0
"1115","1516",0,0
"1116","1516",0,0
"1117","1516",0,0
"1118","1516",0,0
"1119","1516",0,0
"1120","1516",0,0
"1121","1516",0,0
"1122","1516",0,0
"1123","1516",0,0
"1124","1516",0,0
"1125","1516",0,0
"1126","1516",0,0
"1127","1516",0,0
"1128","1516",0,0
"1129","1516",24.0288346,18.02162595
"1130","1516",22.82739287,19.22306768
"1131","1516",24.0288346,18.62234682
"1132","1516",22.82739287,18.62234682
"1133","1516",24.62955547,19.82378855
"1134","1516",24.0288346,18.62234682
"1135","1516",23.42811374,18.02162595
"1136","1516",23.42811374,18.02162595
"1137","1516",22.82739287,18.62234682
"1138","1516",23.42811374,18.02162595
"1139","1516",22.82739287,18.62234682
"1140","1516",22.82739287,18.62234682
"1141","1516",24.62955547,17.42090509
"1142","1516",25.8309972,17.42090509
"1143","1516",22.82739287,16.82018422
"1144","1516",23.42811374,18.62234682
"1145","1516",23.42811374,17.42090509
"1146","1516",23.42811374,20.42450941
"1147","1516",0,0
"1148","1516",0,0
"1149","1516",0,0
"1150","1516",0,0
"1151","1516",0,0
"1152","1516",0,0
"1153","1516",0,0
"1154","1516",0,0
"1155","1516",0,0
"1156","1516",0,0
"1157","1516",0,0
"1158","1516",0,0
"1159","1516",0,0
"1160","1516",0,0
"1161","1516",0,0
"1162","1516",0,0
"1163","1516",0,0
"1164","1516",0,0
"1165","1516",0,0
"1166","1516",0,0
"1167","1516",0,0
"1168","1516",0,0
"1169","1516",0,0
"1170","1516",0,0
"1171","1516",0,0
"1172","1516",0,0
"1173","1516",0,0
"1174","1516",0,0
"1175","1516",0,0
"1176","1516",0,0
"1177","1516",0,0
"1178","1516",0,0
"1179","1516",0,0
"1180","1516",0,0
"1181","1516",0,0
"1182","1516",0,0
"1183","1516",0,0
"1184","1516",0,0
"1185","1516",0,0
"1186","1516",0,0
"1187","1516",0,0
"1188","1516",0,0
"1189","1516",0,0
"1190","1516",0,0
"1191","1516",0,0
"1192","1516",0,0
"1193","1516",0,0
"1194","1516",0,0
"1195","1516",0,0
"1196","1516",0,0
"1197","1516",0,0
"1198","1516",0,0
"1199","1516",0,0
"1200","1516",0,0
"1201","1516",0,0
"1202","1516",0,0
"1203","1516",0,0
"1204","1516",0,0
"1205","1516",0,0
"1206","1516",0,0
"1207","1516",0,0
"1208","1516",0,0
"1209","1516",0,0
"1210","1516",0,0
"1211","1516",0,0
"1212","1516",0,0
"1213","1516",0,0
"1214","1516",0,0
"1215","1516",0,0
"1216","1516",0,0
"1217","1516",0,0
"1218","1516",0,0
"1219","1516",0,0
"1220","1516",0,0
"1221","1516",0,0
"1222","1516",0,0
"1223","1516",23.42811374,18.02162595
"1224","1516",22.82739287,18.02162595
"1225","1516",23.42811374,18.62234682
"1226","1516",24.62955547,18.02162595
"1227","1516",23.42811374,18.62234682
"1228","1516",22.82739287,17.42090509
"1229","1516",23.42811374,17.42090509
"1230","1516",23.42811374,18.02162595
"1231","1516",23.42811374,18.62234682
"1232","1516",22.22667201,18.62234682
"1233","1516",24.0288346,19.22306768
"1234","1516",21.62595114,18.02162595
"1235","1516",24.62955547,19.22306768
"1236","1516",23.42811374,17.42090509
"1237","1516",23.42811374,19.82378855
"1238","1516",23.42811374,18.02162595
"1239","1516",23.42811374,19.82378855
"1240","1516",22.82739287,16.82018422
"1241","1516",0,0
"1242","1516",0,0
"1243","1516",0,0
"1244","1516",0,0
"1245","1516",0,0
"1246","1516",0,0
"1247","1516",0,0
"1248","1516",0,0
"1249","1516",0,0
"1250","1516",0,0
"1251","1516",0,0
"1252","1516",0,0
"1253","1516",0,0
"1254","1516",0,0
"1255","1516",0,0
"1256","1516",0,0
"1257","1516",0,0
"1258","1516",0,0
"1259","1516",0,0
"1260","1516",0,0
"1261","1516",0,0
"1262","1516",0,0
"1263","1516",0,0
"1264","1516",0,0
"1265","1516",0,0
"1266","1516",0,0
"1267","1516",0,0
"1268","1516",0,0
"1269","1516",0,0
"1270","1516",0,0
"1271","1516",0,0
"1272","1516",0,0
"1273","1516",0,0
"1274","1516",0,0
"1275","1516",0,0
"1276","1516",0,0
"1277","1516",0,0
"1278","1516",0,0
"1279","1516",0,0
"1280","1516",0,0
"1281","1516",0,0
"1282","1516",0,0
"1283","1516",0,0
"1284","1516",0,0
"1285","1516",0,0
"1286","1516",0,0
"1287","1516",0,0
"1288","1516",0,0
"1289","1516",0,0
"1290","1516",0,0
"1291","1516",0,0
"1292","1516",0,0
"1293","1516",0,0
"1294","1516",0,0
"1295","1516",0,0
"1296","1516",0,0
"1297","1516",0,0
"1298","1516",0,0
"1299","1516",0,0
"1300","1516",0,0
"1301","1516",0,0
"1302","1516",0,0
"1303","1516",0,0
"1304","1516",0,0
"1305","1516",0,0
"1306","1516",0,0
"1307","1516",0,0
"1308","1516",0,0
"1309","1516",0,0
"1310","1516",0,0
"1311","1516",0,0
"1312","1516",0,0
"1313","1516",0,0
"1314","1516",0,0
"1315","1516",0,0
"1316","1516",0,0
"1317","1518",24.0288346,18.62234682
"1318","1518",24.0288346,19.22306768
"1319","1518",25.23027633,18.02162595
"1320","1518",23.42811374,16.82018422
"1321","1518",25.23027633,18.62234682
"1322","1518",24.0288346,18.02162595
"1323","1518",25.23027633,16.82018422
"1324","1518",24.62955547,18.62234682
"1325","1518",22.22667201,18.62234682
"1326","1518",24.0288346,17.42090509
"1327","1518",23.42811374,19.22306768
"1328","1518",24.62955547,17.42090509
"1329","1518",23.42811374,18.02162595
"1330","1518",25.23027633,17.42090509
"1331","1518",26.43171806,16.82018422
"1332","1518",23.42811374,18.02162595
"1333","1518",24.0288346,19.22306768
"1334","1518",23.42811374,19.22306768
"1335","1518",0,0
"1336","1518",0,0
"1337","1518",0,0
"1338","1518",0,0
"1339","1518",0,0
"1340","1518",0,0
"1341","1518",0,0
"1342","1518",0,0
"1343","1518",0,0
"1344","1518",0,0
"1345","1518",0,0
"1346","1518",0,0
"1347","1518",0,0
"1348","1518",0,0
"1349","1518",0,0
"1350","1518",0,0
"1351","1518",0,0
"1352","1518",0,0
"1353","1518",0,0
"1354","1518",0,0
"1355","1518",0,0
"1356","1518",0,0
"1357","1518",0,0
"1358","1518",0,0
"1359","1518",0,0
"1360","1518",0,0
"1361","1518",0,0
"1362","1518",0,0
"1363","1518",0,0
"1364","1518",0,0
"1365","1518",0,0
"1366","1518",0,0
"1367","1518",0,0
"1368","1518",0,0
"1369","1518",0,0
"1370","1518",0,0
"1371","1518",0,0
"1372","1518",0,0
"1373","1518",0,0
"1374","1518",0,0
"1375","1518",0,0
"1376","1518",0,0
"1377","1518",0,0
"1378","1518",0,0
"1379","1518",0,0
"1380","1518",0,0
"1381","1518",0,0
"1382","1518",0,0
"1383","1518",0,0
"1384","1518",0,0
"1385","1518",0,0
"1386","1518",0,0
"1387","1518",0,0
"1388","1518",0,0
"1389","1518",0,0
"1390","1518",0,0
"1391","1518",0,0
"1392","1518",0,0
"1393","1518",0,0
"1394","1518",0,0
"1395","1518",0,0
"1396","1518",0,0
"1397","1518",0,0
"1398","1518",0,0
"1399","1518",0,0
"1400","1518",0,0
"1401","1518",0,0
"1402","1518",0,0
"1403","1518",0,0
"1404","1518",0,0
"1405","1518",0,0
"1406","1518",0,0
"1407","1518",0,0
"1408","1518",0,0
"1409","1518",0,0
"1410","1518",0,0
"1411","1518",22.82739287,18.0198218
"1412","1518",26.43171806,18.62048253
"1413","1518",22.22667201,19.82180398
"1414","1518",21.62595114,18.0198218
"1415","1518",22.82739287,21.62378616
"1416","1518",22.82739287,19.22114326
"1417","1518",22.22667201,21.02312544
"1418","1518",23.42811374,19.22114326
"1419","1518",22.82739287,17.41916108
"1420","1518",24.0288346,17.41916108
"1421","1518",24.62955547,18.62048253
"1422","1518",21.62595114,19.22114326
"1423","1518",24.62955547,18.0198218
"1424","1518",24.62955547,19.82180398
"1425","1518",22.82739287,17.41916108
"1426","1518",24.0288346,17.41916108
"1427","1518",24.62955547,18.0198218
"1428","1518",24.62955547,17.41916108
"1429","1518",0,0
"1430","1518",0,0
"1431","1518",0,0
"1432","1518",0,0
"1433","1518",0,0
"1434","1518",0,0
"1435","1518",0,0
"1436","1518",0,0
"1437","1518",0,0
"1438","1518",0,0
"1439","1518",0,0
"1440","1518",0,0
"1441","1518",0,0
"1442","1518",0,0
"1443","1518",0,0
"1444","1518",0,0
"1445","1518",0,0
"1446","1518",0,0
"1447","1518",0,0
"1448","1518",0,0
"1449","1518",0,0
"1450","1518",0,0
"1451","1518",0,0
"1452","1518",0,0
"1453","1518",0,0
"1454","1518",0,0
"1455","1518",0,0
"1456","1518",0,0
"1457","1518",0,0
"1458","1518",0,0
"1459","1518",0,0
"1460","1518",0,0
"1461","1518",0,0
"1462","1518",0,0
"1463","1518",0,0
"1464","1518",0,0
"1465","1518",0,0
"1466","1518",0,0
"1467","1518",0,0
"1468","1518",0,0
"1469","1518",0,0
"1470","1518",0,0
"1471","1518",0,0
"1472","1518",0,0
"1473","1518",0,0
"1474","1518",0,0
"1475","1518",0,0
"1476","1518",0,0
"1477","1518",0,0
"1478","1518",0,0
"1479","1518",0,0
"1480","1518",0,0
"1481","1518",0,0
"1482","1518",0,0
"1483","1518",0,0
"1484","1518",0,0
"1485","1518",0,0
"1486","1518",0,0
"1487","1518",0,0
"1488","1518",0,0
"1489","1518",0,0
"1490","1518",0,0
"1491","1518",0,0
"1492","1518",0,0
"1493","1518",0,0
"1494","1518",0,0
"1495","1518",0,0
"1496","1518",0,0
"1497","1518",0,0
"1498","1518",0,0
"1499","1518",0,0
"1500","1518",0,0
"1501","1518",0,0
"1502","1518",0,0
"1503","1518",0,0
"1504","1518",0,0
"1505","1518",22.82739287,18.02162595
"1506","1518",22.22667201,18.62234682
"1507","1518",23.42811374,18.62234682
"1508","1518",21.62595114,17.42090509
"1509","1518",24.62955547,18.62234682
"1510","1518",22.82739287,18.62234682
"1511","1518",22.82739287,18.02162595
"1512","1518",22.22667201,18.02162595
"1513","1518",23.42811374,18.62234682
"1514","1518",22.22667201,17.42090509
"1515","1518",22.82739287,18.62234682
"1516","1518",22.22667201,18.02162595
"1517","1518",22.82739287,18.62234682
"1518","1518",25.23027633,18.02162595
"1519","1518",24.0288346,19.82378855
"1520","1518",22.82739287,17.42090509
"1521","1518",24.62955547,20.42450941
"1522","1518",24.62955547,18.02162595
"1523","1518",0,0
"1524","1518",0,0
"1525","1518",0,0
"1526","1518",0,0
"1527","1518",0,0
"1528","1518",0,0
"1529","1518",0,0
"1530","1518",0,0
"1531","1518",0,0
"1532","1518",0,0
"1533","1518",0,0
"1534","1518",0,0
"1535","1518",0,0
"1536","1518",0,0
"1537","1518",0,0
"1538","1518",0,0
"1539","1518",0,0
"1540","1518",0,0
"1541","1518",0,0
"1542","1518",0,0
"1543","1518",0,0
"1544","1518",0,0
"1545","1518",0,0
"1546","1518",0,0
"1547","1518",0,0
"1548","1518",0,0
"1549","1518",0,0
"1550","1518",0,0
"1551","1518",0,0
"1552","1518",0,0
"1553","1518",0,0
"1554","1518",0,0
"1555","1518",0,0
"1556","1518",0,0
"1557","1518",0,0
"1558","1518",0,0
"1559","1518",0,0
"1560","1518",0,0
"1561","1518",0,0
"1562","1518",0,0
"1563","1518",0,0
"1564","1518",0,0
"1565","1518",0,0
"1566","1518",0,0
"1567","1518",0,0
"1568","1518",0,0
"1569","1518",0,0
"1570","1518",0,0
"1571","1518",0,0
"1572","1518",0,0
"1573","1518",0,0
"1574","1518",0,0
"1575","1518",0,0
"1576","1518",0,0
"1577","1518",0,0
"1578","1518",0,0
"1579","1518",0,0
"1580","1518",0,0
"1581","1518",0,0
"1582","1518",0,0
"1583","1518",0,0
"1584","1518",0,0
"1585","1518",0,0
"1586","1518",0,0
"1587","1518",0,0
"1588","1518",0,0
"1589","1518",0,0
"1590","1518",0,0
"1591","1518",0,0
"1592","1518",0,0
"1593","1518",0,0
"1594","1518",0,0
"1595","1518",0,0
"1596","1518",0,0
"1597","1518",0,0
"1598","1518",0,0
"1599","1529",22.82739287,20.42450941
"1600","1529",19.82378855,21.02523028
"1601","1529",19.22306768,18.62234682
"1602","1529",22.22667201,19.82378855
"1603","1529",22.82739287,21.02523028
"1604","1529",15.01802163,19.82378855
"1605","1529",21.62595114,20.42450941
"1606","1529",22.82739287,21.02523028
"1607","1529",21.62595114,21.62595114
"1608","1529",14.41730076,20.42450941
"1609","1529",18.02162595,20.42450941
"1610","1529",22.22667201,19.22306768
"1611","1529",16.21946336,21.02523028
"1612","1529",21.62595114,18.02162595
"1613","1529",22.22667201,19.82378855
"1614","1529",21.02523028,21.02523028
"1615","1529",20.42450941,21.62595114
"1616","1529",17.42090509,19.82378855
"1617","1529",0,0
"1618","1529",0,0
"1619","1529",0,0
"1620","1529",0,0
"1621","1529",0,0
"1622","1529",0,0
"1623","1529",0,0
"1624","1529",0,0
"1625","1529",0,0
"1626","1529",0,0
"1627","1529",0,0
"1628","1529",0,0
"1629","1529",0,0
"1630","1529",0,0
"1631","1529",0,0
"1632","1529",0,0
"1633","1529",0,0
"1634","1529",0,0
"1635","1529",0,0
"1636","1529",0,0
"1637","1529",0,0
"1638","1529",0,0
"1639","1529",0,0
"1640","1529",0,0
"1641","1529",0,0
"1642","1529",0,0
"1643","1529",0,0
"1644","1529",0,0
"1645","1529",0,0
"1646","1529",0,0
"1647","1529",0,0
"1648","1529",0,0
"1649","1529",0,0
"1650","1529",0,0
"1651","1529",0,0
"1652","1529",0,0
"1653","1529",0,0
"1654","1529",0,0
"1655","1529",0,0
"1656","1529",0,0
"1657","1529",0,0
"1658","1529",0,0
"1659","1529",0,0
"1660","1529",0,0
"1661","1529",0,0
"1662","1529",0,0
"1663","1529",0,0
"1664","1529",0,0
"1665","1529",0,0
"1666","1529",0,0
"1667","1529",0,0
"1668","1529",0,0
"1669","1529",0,0
"1670","1529",0,0
"1671","1529",0,0
"1672","1529",0,0
"1673","1529",0,0
"1674","1529",0,0
"1675","1529",0,0
"1676","1529",0,0
"1677","1529",0,0
"1678","1529",0,0
"1679","1529",0,0
"1680","1529",0,0
"1681","1529",0,0
"1682","1529",0,0
"1683","1529",0,0
"1684","1529",0,0
"1685","1529",0,0
"1686","1529",0,0
"1687","1529",0,0
"1688","1529",0,0
"1689","1529",0,0
"1690","1529",0,0
"1691","1529",0,0
"1692","1529",0,0
"1693","1529",22.22667201,21.62595114
"1694","1529",22.82739287,21.62595114
"1695","1529",19.82378855,21.62595114
"1696","1529",22.82739287,23.42811374
"1697","1529",23.42811374,22.82739287
"1698","1529",22.22667201,21.62595114
"1699","1529",22.22667201,22.22667201
"1700","1529",21.62595114,22.82739287
"1701","1529",23.42811374,22.22667201
"1702","1529",22.82739287,19.82378855
"1703","1529",21.62595114,20.42450941
"1704","1529",19.22306768,21.62595114
"1705","1529",22.82739287,21.62595114
"1706","1529",21.02523028,22.22667201
"1707","1529",22.82739287,22.22667201
"1708","1529",25.23027633,22.22667201
"1709","1529",24.0288346,21.62595114
"1710","1529",23.42811374,20.42450941
"1711","1529",0,0
"1712","1529",0,0
"1713","1529",0,0
"1714","1529",0,0
"1715","1529",0,0
"1716","1529",0,0
"1717","1529",0,0
"1718","1529",0,0
"1719","1529",0,0
"1720","1529",0,0
"1721","1529",0,0
"1722","1529",0,0
"1723","1529",0,0
"1724","1529",0,0
"1725","1529",0,0
"1726","1529",0,0
"1727","1529",0,0
"1728","1529",0,0
"1729","1529",0,0
"1730","1529",0,0
"1731","1529",0,0
"1732","1529",0,0
"1733","1529",0,0
"1734","1529",0,0
"1735","1529",0,0
"1736","1529",0,0
"1737","1529",0,0
"1738","1529",0,0
"1739","1529",0,0
"1740","1529",0,0
"1741","1529",0,0
"1742","1529",0,0
"1743","1529",0,0
"1744","1529",0,0
"1745","1529",0,0
"1746","1529",0,0
"1747","1529",0,0
"1748","1529",0,0
"1749","1529",0,0
"1750","1529",0,0
"1751","1529",0,0
"1752","1529",0,0
"1753","1529",0,0
"1754","1529",0,0
"1755","1529",0,0
"1756","1529",0,0
"1757","1529",0,0
"1758","1529",0,0
"1759","1529",0,0
"1760","1529",0,0
"1761","1529",0,0
"1762","1529",0,0
"1763","1529",0,0
"1764","1529",0,0
"1765","1529",0,0
"1766","1529",0,0
"1767","1529",0,0
"1768","1529",0,0
"1769","1529",0,0
"1770","1529",0,0
"1771","1529",0,0
"1772","1529",0,0
"1773","1529",0,0
"1774","1529",0,0
"1775","1529",0,0
"1776","1529",0,0
"1777","1529",0,0
"1778","1529",0,0
"1779","1529",0,0
"1780","1529",0,0
"1781","1529",0,0
"1782","1529",0,0
"1783","1529",0,0
"1784","1529",0,0
"1785","1529",0,0
"1786","1529",0,0
"1787","1529",21.62595114,21.62595114
"1788","1529",21.02523028,19.22306768
"1789","1529",18.62234682,21.02523028
"1790","1529",21.02523028,22.22667201
"1791","1529",21.02523028,19.82378855
"1792","1529",21.02523028,22.22667201
"1793","1529",15.61874249,19.82378855
"1794","1529",23.42811374,21.02523028
"1795","1529",17.42090509,21.62595114
"1796","1529",22.22667201,21.02523028
"1797","1529",9.611533841,21.62595114
"1798","1529",21.02523028,21.62595114
"1799","1529",10.81297557,21.02523028
"1800","1529",13.21585903,19.22306768
"1801","1529",22.22667201,21.02523028
"1802","1529",23.42811374,21.02523028
"1803","1529",24.0288346,21.02523028
"1804","1529",10.81297557,19.82378855
"1805","1529",0,0
"1806","1529",0,0
"1807","1529",0,0
"1808","1529",0,0
"1809","1529",0,0
"1810","1529",0,0
"1811","1529",0,0
"1812","1529",0,0
"1813","1529",0,0
"1814","1529",0,0
"1815","1529",0,0
"1816","1529",0,0
"1817","1529",0,0
"1818","1529",0,0
"1819","1529",0,0
"1820","1529",0,0
"1821","1529",0,0
"1822","1529",0,0
"1823","1529",0,0
"1824","1529",0,0
"1825","1529",0,0
"1826","1529",0,0
"1827","1529",0,0
"1828","1529",0,0
"1829","1529",0,0
"1830","1529",0,0
"1831","1529",0,0
"1832","1529",0,0
"1833","1529",0,0
"1834","1529",0,0
"1835","1529",0,0
"1836","1529",0,0
"1837","1529",0,0
"1838","1529",0,0
"1839","1529",0,0
"1840","1529",0,0
"1841","1529",0,0
"1842","1529",0,0
"1843","1529",0,0
"1844","1529",0,0
"1845","1529",0,0
"1846","1529",0,0
"1847","1529",0,0
"1848","1529",0,0
"1849","1529",0,0
"1850","1529",0,0
"1851","1529",0,0
"1852","1529",0,0
"1853","1529",0,0
"1854","1529",0,0
"1855","1529",0,0
"1856","1529",0,0
"1857","1529",0,0
"1858","1529",0,0
"1859","1529",0,0
"1860","1529",0,0
"1861","1529",0,0
"1862","1529",0,0
"1863","1529",0,0
"1864","1529",0,0
"1865","1529",0,0
"1866","1529",0,0
"1867","1529",0,0
"1868","1529",0,0
"1869","1529",0,0
"1870","1529",0,0
"1871","1529",0,0
"1872","1529",0,0
"1873","1529",0,0
"1874","1529",0,0
"1875","1529",0,0
"1876","1529",0,0
"1877","1529",0,0
"1878","1529",0,0
"1879","1529",0,0
"1880","1529",0,0
"1881","1531",20.42450941,15.61874249
"1882","1531",19.82378855,12.0144173
"1883","1531",20.42450941,15.01802163
"1884","1531",20.42450941,15.61874249
"1885","1531",21.02523028,15.01802163
"1886","1531",21.02523028,15.01802163
"1887","1531",21.62595114,15.01802163
"1888","1531",21.62595114,15.61874249
"1889","1531",21.02523028,16.21946336
"1890","1531",19.22306768,16.21946336
"1891","1531",21.02523028,15.61874249
"1892","1531",21.02523028,15.61874249
"1893","1531",19.82378855,11.41369644
"1894","1531",20.42450941,13.8165799
"1895","1531",20.42450941,14.41730076
"1896","1531",21.02523028,13.8165799
"1897","1531",21.02523028,8.410092111
"1898","1531",21.02523028,14.41730076
"1899","1531",0,0
"1900","1531",0,0
"1901","1531",0,0
"1902","1531",0,0
"1903","1531",0,0
"1904","1531",0,0
"1905","1531",0,0
"1906","1531",0,0
"1907","1531",0,0
"1908","1531",0,0
"1909","1531",0,0
"1910","1531",0,0
"1911","1531",0,0
"1912","1531",0,0
"1913","1531",0,0
"1914","1531",0,0
"1915","1531",0,0
"1916","1531",0,0
"1917","1531",0,0
"1918","1531",0,0
"1919","1531",0,0
"1920","1531",0,0
"1921","1531",0,0
"1922","1531",0,0
"1923","1531",0,0
"1924","1531",0,0
"1925","1531",0,0
"1926","1531",0,0
"1927","1531",0,0
"1928","1531",0,0
"1929","1531",0,0
"1930","1531",0,0
"1931","1531",0,0
"1932","1531",0,0
"1933","1531",0,0
"1934","1531",0,0
"1935","1531",0,0
"1936","1531",0,0
"1937","1531",0,0
"1938","1531",0,0
"1939","1531",0,0
"1940","1531",0,0
"1941","1531",0,0
"1942","1531",0,0
"1943","1531",0,0
"1944","1531",0,0
"1945","1531",0,0
"1946","1531",0,0
"1947","1531",0,0
"1948","1531",0,0
"1949","1531",0,0
"1950","1531",0,0
"1951","1531",0,0
"1952","1531",0,0
"1953","1531",0,0
"1954","1531",0,0
"1955","1531",0,0
"1956","1531",0,0
"1957","1531",0,0
"1958","1531",0,0
"1959","1531",0,0
"1960","1531",0,0
"1961","1531",0,0
"1962","1531",0,0
"1963","1531",0,0
"1964","1531",0,0
"1965","1531",0,0
"1966","1531",0,0
"1967","1531",0,0
"1968","1531",0,0
"1969","1531",0,0
"1970","1531",0,0
"1971","1531",0,0
"1972","1531",0,0
"1973","1531",0,0
"1974","1531",0,0
"1975","1531",20.42450941,14.41730076
"1976","1531",16.21946336,14.41730076
"1977","1531",20.42450941,15.01802163
"1978","1531",19.82378855,15.61874249
"1979","1531",21.02523028,15.01802163
"1980","1531",18.62234682,14.41730076
"1981","1531",21.02523028,15.01802163
"1982","1531",21.02523028,15.61874249
"1983","1531",20.42450941,15.61874249
"1984","1531",20.42450941,14.41730076
"1985","1531",19.82378855,15.61874249
"1986","1531",21.02523028,15.61874249
"1987","1531",15.01802163,13.8165799
"1988","1531",21.02523028,13.21585903
"1989","1531",21.02523028,13.8165799
"1990","1531",22.22667201,14.41730076
"1991","1531",16.82018422,13.8165799
"1992","1531",20.42450941,13.8165799
"1993","1531",0,0
"1994","1531",0,0
"1995","1531",0,0
"1996","1531",0,0
"1997","1531",0,0
"1998","1531",0,0
"1999","1531",0,0
"2000","1531",0,0
"2001","1531",0,0
"2002","1531",0,0
"2003","1531",0,0
"2004","1531",0,0
"2005","1531",0,0
"2006","1531",0,0
"2007","1531",0,0
"2008","1531",0,0
"2009","1531",0,0
"2010","1531",0,0
"2011","1531",0,0
"2012","1531",0,0
"2013","1531",0,0
"2014","1531",0,0
"2015","1531",0,0
"2016","1531",0,0
"2017","1531",0,0
"2018","1531",0,0
"2019","1531",0,0
"2020","1531",0,0
"2021","1531",0,0
"2022","1531",0,0
"2023","1531",0,0
"2024","1531",0,0
"2025","1531",0,0
"2026","1531",0,0
"2027","1531",0,0
"2028","1531",0,0
"2029","1531",0,0
"2030","1531",0,0
"2031","1531",0,0
"2032","1531",0,0
"2033","1531",0,0
"2034","1531",0,0
"2035","1531",0,0
"2036","1531",0,0
"2037","1531",0,0
"2038","1531",0,0
"2039","1531",0,0
"2040","1531",0,0
"2041","1531",0,0
"2042","1531",0,0
"2043","1531",0,0
"2044","1531",0,0
"2045","1531",0,0
"2046","1531",0,0
"2047","1531",0,0
"2048","1531",0,0
"2049","1531",0,0
"2050","1531",0,0
"2051","1531",0,0
"2052","1531",0,0
"2053","1531",0,0
"2054","1531",0,0
"2055","1531",0,0
"2056","1531",0,0
"2057","1531",0,0
"2058","1531",0,0
"2059","1531",0,0
"2060","1531",0,0
"2061","1531",0,0
"2062","1531",0,0
"2063","1531",0,0
"2064","1531",0,0
"2065","1531",0,0
"2066","1531",0,0
"2067","1531",0,0
"2068","1531",0,0
"2069","1531",20.42246471,14.41730076
"2070","1531",20.42246471,14.41730076
"2071","1531",22.22444689,16.21946336
"2072","1531",19.82180398,13.8165799
"2073","1531",21.02312544,15.01802163
"2074","1531",19.82180398,15.01802163
"2075","1531",21.62378616,15.01802163
"2076","1531",19.82180398,15.01802163
"2077","1531",19.82180398,15.01802163
"2078","1531",19.82180398,16.82018422
"2079","1531",20.42246471,15.01802163
"2080","1531",20.42246471,15.01802163
"2081","1531",21.02312544,13.8165799
"2082","1531",21.62378616,14.41730076
"2083","1531",19.82180398,13.8165799
"2084","1531",21.62378616,13.8165799
"2085","1531",22.22444689,15.01802163
"2086","1531",20.42246471,13.21585903
"2087","1531",0,0
"2088","1531",0,0
"2089","1531",0,0
"2090","1531",0,0
"2091","1531",0,0
"2092","1531",0,0
"2093","1531",0,0
"2094","1531",0,0
"2095","1531",0,0
"2096","1531",0,0
"2097","1531",0,0
"2098","1531",0,0
"2099","1531",0,0
"2100","1531",0,0
"2101","1531",0,0
"2102","1531",0,0
"2103","1531",0,0
"2104","1531",0,0
"2105","1531",0,0
"2106","1531",0,0
"2107","1531",0,0
"2108","1531",0,0
"2109","1531",0,0
"2110","1531",0,0
"2111","1531",0,0
"2112","1531",0,0
"2113","1531",0,0
"2114","1531",0,0
"2115","1531",0,0
"2116","1531",0,0
"2117","1531",0,0
"2118","1531",0,0
"2119","1531",0,0
"2120","1531",0,0
"2121","1531",0,0
"2122","1531",0,0
"2123","1531",0,0
"2124","1531",0,0
"2125","1531",0,0
"2126","1531",0,0
"2127","1531",0,0
"2128","1531",0,0
"2129","1531",0,0
"2130","1531",0,0
"2131","1531",0,0
"2132","1531",0,0
"2133","1531",0,0
"2134","1531",0,0
"2135","1531",0,0
"2136","1531",0,0
"2137","1531",0,0
"2138","1531",0,0
"2139","1531",0,0
"2140","1531",0,0
"2141","1531",0,0
"2142","1531",0,0
"2143","1531",0,0
"2144","1531",0,0
"2145","1531",0,0
"2146","1531",0,0
"2147","1531",0,0
"2148","1531",0,0
"2149","1531",0,0
"2150","1531",0,0
"2151","1531",0,0
"2152","1531",0,0
"2153","1531",0,0
"2154","1531",0,0
"2155","1531",0,0
"2156","1531",0,0
"2157","1531",0,0
"2158","1531",0,0
"2159","1531",0,0
"2160","1531",0,0
"2161","1531",0,0
"2162","1531",0,0
"2163","1535",40.84901882,41.36758595
"2164","1535",42.05046055,36.83415187
"2165","1535",40.84901882,39.10086891
"2166","1535",42.05046055,38.53418965
"2167","1535",42.05046055,40.80090669
"2168","1535",41.44973969,40.23422743
"2169","1535",42.65118142,37.96751039
"2170","1535",42.05046055,39.66754817
"2171","1535",40.84901882,39.10086891
"2172","1535",40.24829796,39.66754817
"2173","1535",42.05046055,39.66754817
"2174","1535",42.65118142,38.53418965
"2175","1535",45.05406488,34.56743483
"2176","1535",41.44973969,37.40083113
"2177","1535",43.85262315,36.26747261
"2178","1535",42.05046055,37.40083113
"2179","1535",43.85262315,35.13411409
"2180","1535",32.43892671,37.40083113
"2181","1535",0,0
"2182","1535",0,0
"2183","1535",0,0
"2184","1535",0,0
"2185","1535",0,0
"2186","1535",0,0
"2187","1535",0,0
"2188","1535",0,0
"2189","1535",0,0
"2190","1535",0,0
"2191","1535",0,0
"2192","1535",0,0
"2193","1535",0,0
"2194","1535",0,0
"2195","1535",0,0
"2196","1535",0,0
"2197","1535",0,0
"2198","1535",0,0
"2199","1535",0,0
"2200","1535",0,0
"2201","1535",0,0
"2202","1535",0,0
"2203","1535",0,0
"2204","1535",0,0
"2205","1535",0,0
"2206","1535",0,0
"2207","1535",0,0
"2208","1535",0,0
"2209","1535",0,0
"2210","1535",0,0
"2211","1535",0,0
"2212","1535",0,0
"2213","1535",0,0
"2214","1535",0,0
"2215","1535",0,0
"2216","1535",0,0
"2217","1535",0,0
"2218","1535",0,0
"2219","1535",0,0
"2220","1535",0,0
"2221","1535",0,0
"2222","1535",0,0
"2223","1535",0,0
"2224","1535",0,0
"2225","1535",0,0
"2226","1535",0,0
"2227","1535",0,0
"2228","1535",0,0
"2229","1535",0,0
"2230","1535",0,0
"2231","1535",0,0
"2232","1535",0,0
"2233","1535",0,0
"2234","1535",0,0
"2235","1535",0,0
"2236","1535",0,0
"2237","1535",0,0
"2238","1535",0,0
"2239","1535",0,0
"2240","1535",0,0
"2241","1535",0,0
"2242","1535",0,0
"2243","1535",0,0
"2244","1535",0,0
"2245","1535",0,0
"2246","1535",0,0
"2247","1535",0,0
"2248","1535",0,0
"2249","1535",0,0
"2250","1535",0,0
"2251","1535",0,0
"2252","1535",0,0
"2253","1535",0,0
"2254","1535",0,0
"2255","1535",0,0
"2256","1535",0,0
"2257","1535",43.25190228,36.64397277
"2258","1535",39.04685623,39.04685623
"2259","1535",40.84901882,38.44613536
"2260","1535",40.24829796,25.8309972
"2261","1535",42.05046055,25.8309972
"2262","1535",34.84181017,39.64757709
"2263","1535",48.0576692,39.64757709
"2264","1535",39.64757709,38.44613536
"2265","1535",40.84901882,39.04685623
"2266","1535",41.44973969,37.8454145
"2267","1535",41.44973969,40.24829796
"2268","1535",39.64757709,40.24829796
"2269","1535",38.44613536,37.24469363
"2270","1535",40.84901882,39.04685623
"2271","1535",40.24829796,39.04685623
"2272","1535",41.44973969,38.44613536
"2273","1535",39.04685623,39.04685623
"2274","1535",39.64757709,23.42811374
"2275","1535",0,0
"2276","1535",0,0
"2277","1535",0,0
"2278","1535",0,0
"2279","1535",0,0
"2280","1535",0,0
"2281","1535",0,0
"2282","1535",0,0
"2283","1535",0,0
"2284","1535",0,0
"2285","1535",0,0
"2286","1535",0,0
"2287","1535",0,0
"2288","1535",0,0
"2289","1535",0,0
"2290","1535",0,0
"2291","1535",0,0
"2292","1535",0,0
"2293","1535",0,0
"2294","1535",0,0
"2295","1535",0,0
"2296","1535",0,0
"2297","1535",0,0
"2298","1535",0,0
"2299","1535",0,0
"2300","1535",0,0
"2301","1535",0,0
"2302","1535",0,0
"2303","1535",0,0
"2304","1535",0,0
"2305","1535",0,0
"2306","1535",0,0
"2307","1535",0,0
"2308","1535",0,0
"2309","1535",0,0
"2310","1535",0,0
"2311","1535",0,0
"2312","1535",0,0
"2313","1535",0,0
"2314","1535",0,0
"2315","1535",0,0
"2316","1535",0,0
"2317","1535",0,0
"2318","1535",0,0
"2319","1535",0,0
"2320","1535",0,0
"2321","1535",0,0
"2322","1535",0,0
"2323","1535",0,0
"2324","1535",0,0
"2325","1535",0,0
"2326","1535",0,0
"2327","1535",0,0
"2328","1535",0,0
"2329","1535",0,0
"2330","1535",0,0
"2331","1535",0,0
"2332","1535",0,0
"2333","1535",0,0
"2334","1535",0,0
"2335","1535",0,0
"2336","1535",0,0
"2337","1535",0,0
"2338","1535",0,0
"2339","1535",0,0
"2340","1535",0,0
"2341","1535",0,0
"2342","1535",0,0
"2343","1535",0,0
"2344","1535",0,0
"2345","1535",0,0
"2346","1535",0,0
"2347","1535",0,0
"2348","1535",0,0
"2349","1535",0,0
"2350","1535",0,0
"2351","1535",41.44973969,39.92975321
"2352","1535",41.44973969,39.37517331
"2353","1535",40.24829796,39.37517331
"2354","1535",39.04685623,37.71143359
"2355","1535",42.05046055,38.8205934
"2356","1535",46.25550661,41.59349293
"2357","1535",42.05046055,38.8205934
"2358","1535",43.25190228,42.14807283
"2359","1535",42.05046055,39.92975321
"2360","1535",42.05046055,38.26601349
"2361","1535",41.44973969,39.92975321
"2362","1535",41.44973969,38.8205934
"2363","1535",43.25190228,36.04769387
"2364","1535",39.64757709,37.15685368
"2365","1535",42.65118142,37.71143359
"2366","1535",42.05046055,44.92097236
"2367","1535",45.05406488,36.04769387
"2368","1535",42.05046055,37.15685368
"2369","1535",0,0
"2370","1535",0,0
"2371","1535",0,0
"2372","1535",0,0
"2373","1535",0,0
"2374","1535",0,0
"2375","1535",0,0
"2376","1535",0,0
"2377","1535",0,0
"2378","1535",0,0
"2379","1535",0,0
"2380","1535",0,0
"2381","1535",0,0
"2382","1535",0,0
"2383","1535",0,0
"2384","1535",0,0
"2385","1535",0,0
"2386","1535",0,0
"2387","1535",0,0
"2388","1535",0,0
"2389","1535",0,0
"2390","1535",0,0
"2391","1535",0,0
"2392","1535",0,0
"2393","1535",0,0
"2394","1535",0,0
"2395","1535",0,0
"2396","1535",0,0
"2397","1535",0,0
"2398","1535",0,0
"2399","1535",0,0
"2400","1535",0,0
"2401","1535",0,0
"2402","1535",0,0
"2403","1535",0,0
"2404","1535",0,0
"2405","1535",0,0
"2406","1535",0,0
"2407","1535",0,0
"2408","1535",0,0
"2409","1535",0,0
"2410","1535",0,0
"2411","1535",0,0
"2412","1535",0,0
"2413","1535",0,0
"2414","1535",0,0
"2415","1535",0,0
"2416","1535",0,0
"2417","1535",0,0
"2418","1535",0,0
"2419","1535",0,0
"2420","1535",0,0
"2421","1535",0,0
"2422","1535",0,0
"2423","1535",0,0
"2424","1535",0,0
"2425","1535",0,0
"2426","1535",0,0
"2427","1535",0,0
"2428","1535",0,0
"2429","1535",0,0
"2430","1535",0,0
"2431","1535",0,0
"2432","1535",0,0
"2433","1535",0,0
"2434","1535",0,0
"2435","1535",0,0
"2436","1535",0,0
"2437","1535",0,0
"2438","1535",0,0
"2439","1535",0,0
"2440","1535",0,0
"2441","1535",0,0
"2442","1535",0,0
"2443","1535",0,0
"2444","1535",0,0
"2445","1535",41.44973969,39.9408284
"2446","1535",41.44973969,38.83136095
"2447","1535",41.44973969,37.72189349
"2448","1535",40.24829796,36.61242604
"2449","1535",40.24829796,41.05029586
"2450","1535",43.85262315,41.60502959
"2451","1535",40.84901882,38.83136095
"2452","1535",42.65118142,41.60502959
"2453","1535",41.44973969,40.49556213
"2454","1535",40.24829796,39.38609467
"2455","1535",41.44973969,38.83136095
"2456","1535",40.24829796,38.27662722
"2457","1535",40.24829796,38.83136095
"2458","1535",40.24829796,35.50295858
"2459","1535",40.84901882,37.72189349
"2460","1535",52.86343612,37.16715976
"2461","1535",40.24829796,39.9408284
"2462","1535",41.44973969,37.16715976
"2463","1535",0,0
"2464","1535",0,0
"2465","1535",0,0
"2466","1535",0,0
"2467","1535",0,0
"2468","1535",0,0
"2469","1535",0,0
"2470","1535",0,0
"2471","1535",0,0
"2472","1535",0,0
"2473","1535",0,0
"2474","1535",0,0
"2475","1535",0,0
"2476","1535",0,0
"2477","1535",0,0
"2478","1535",0,0
"2479","1535",0,0
"2480","1535",0,0
"2481","1535",0,0
"2482","1535",0,0
"2483","1535",0,0
"2484","1535",0,0
"2485","1535",0,0
"2486","1535",0,0
"2487","1535",0,0
"2488","1535",0,0
"2489","1535",0,0
"2490","1535",0,0
"2491","1535",0,0
"2492","1535",0,0
"2493","1535",0,0
"2494","1535",0,0
"2495","1535",0,0
"2496","1535",0,0
"2497","1535",0,0
"2498","1535",0,0
"2499","1535",0,0
"2500","1535",0,0
"2501","1535",0,0
"2502","1535",0,0
"2503","1535",0,0
"2504","1535",0,0
"2505","1535",0,0
"2506","1535",0,0
"2507","1535",0,0
"2508","1535",0,0
"2509","1535",0,0
"2510","1535",0,0
"2511","1535",0,0
"2512","1535",0,0
"2513","1535",0,0
"2514","1535",0,0
"2515","1535",0,0
"2516","1535",0,0
"2517","1535",0,0
"2518","1535",0,0
"2519","1535",0,0
"2520","1535",0,0
"2521","1535",0,0
"2522","1535",0,0
"2523","1535",0,0
"2524","1535",0,0
"2525","1535",0,0
"2526","1535",0,0
"2527","1535",0,0
"2528","1535",0,0
"2529","1535",0,0
"2530","1535",0,0
"2531","1535",0,0
"2532","1535",0,0
"2533","1535",0,0
"2534","1535",0,0
"2535","1535",0,0
"2536","1535",0,0
"2537","1535",0,0
"2538","1535",0,0
"2539","1565",16.82018422,12.0144173
"2540","1565",15.61874249,13.21585903
"2541","1565",16.21946336,11.41369644
"2542","1565",15.61874249,11.41369644
"2543","1565",16.82018422,8.410092111
"2544","1565",16.82018422,12.0144173
"2545","1565",16.21946336,11.41369644
"2546","1565",16.21946336,11.41369644
"2547","1565",16.82018422,12.0144173
"2548","1565",15.61874249,13.21585903
"2549","1565",15.61874249,13.8165799
"2550","1565",16.21946336,11.41369644
"2551","1565",16.21946336,10.81297557
"2552","1565",16.21946336,10.21225471
"2553","1565",16.82018422,13.21585903
"2554","1565",17.42090509,11.41369644
"2555","1565",16.82018422,10.81297557
"2556","1565",16.82018422,10.81297557
"2557","1565",0,0
"2558","1565",0,0
"2559","1565",0,0
"2560","1565",0,0
"2561","1565",0,0
"2562","1565",0,0
"2563","1565",0,0
"2564","1565",0,0
"2565","1565",0,0
"2566","1565",0,0
"2567","1565",0,0
"2568","1565",0,0
"2569","1565",0,0
"2570","1565",0,0
"2571","1565",0,0
"2572","1565",0,0
"2573","1565",0,0
"2574","1565",0,0
"2575","1565",0,0
"2576","1565",0,0
"2577","1565",0,0
"2578","1565",0,0
"2579","1565",0,0
"2580","1565",0,0
"2581","1565",0,0
"2582","1565",0,0
"2583","1565",0,0
"2584","1565",0,0
"2585","1565",0,0
"2586","1565",0,0
"2587","1565",0,0
"2588","1565",0,0
"2589","1565",0,0
"2590","1565",0,0
"2591","1565",0,0
"2592","1565",0,0
"2593","1565",0,0
"2594","1565",0,0
"2595","1565",0,0
"2596","1565",0,0
"2597","1565",0,0
"2598","1565",0,0
"2599","1565",0,0
"2600","1565",0,0
"2601","1565",0,0
"2602","1565",0,0
"2603","1565",0,0
"2604","1565",0,0
"2605","1565",0,0
"2606","1565",0,0
"2607","1565",0,0
"2608","1565",0,0
"2609","1565",0,0
"2610","1565",0,0
"2611","1565",0,0
"2612","1565",0,0
"2613","1565",0,0
"2614","1565",0,0
"2615","1565",0,0
"2616","1565",0,0
"2617","1565",0,0
"2618","1565",0,0
"2619","1565",0,0
"2620","1565",0,0
"2621","1565",0,0
"2622","1565",0,0
"2623","1565",0,0
"2624","1565",0,0
"2625","1565",0,0
"2626","1565",0,0
"2627","1565",0,0
"2628","1565",0,0
"2629","1565",0,0
"2630","1565",0,0
"2631","1565",0,0
"2632","1565",0,0
"2633","1565",16.82018422,13.21585903
"2634","1565",19.82378855,13.21585903
"2635","1565",16.21946336,13.21585903
"2636","1565",15.61874249,12.0144173
"2637","1565",16.82018422,12.0144173
"2638","1565",16.82018422,12.0144173
"2639","1565",17.42090509,12.61513817
"2640","1565",16.21946336,12.0144173
"2641","1565",16.82018422,13.21585903
"2642","1565",16.82018422,12.0144173
"2643","1565",16.82018422,12.61513817
"2644","1565",15.61874249,12.0144173
"2645","1565",18.02162595,11.41369644
"2646","1565",16.21946336,10.81297557
"2647","1565",15.61874249,12.0144173
"2648","1565",8.410092111,13.21585903
"2649","1565",16.21946336,13.8165799
"2650","1565",16.21946336,12.61513817
"2651","1565",0,0
"2652","1565",0,0
"2653","1565",0,0
"2654","1565",0,0
"2655","1565",0,0
"2656","1565",0,0
"2657","1565",0,0
"2658","1565",0,0
"2659","1565",0,0
"2660","1565",0,0
"2661","1565",0,0
"2662","1565",0,0
"2663","1565",0,0
"2664","1565",0,0
"2665","1565",0,0
"2666","1565",0,0
"2667","1565",0,0
"2668","1565",0,0
"2669","1565",0,0
"2670","1565",0,0
"2671","1565",0,0
"2672","1565",0,0
"2673","1565",0,0
"2674","1565",0,0
"2675","1565",0,0
"2676","1565",0,0
"2677","1565",0,0
"2678","1565",0,0
"2679","1565",0,0
"2680","1565",0,0
"2681","1565",0,0
"2682","1565",0,0
"2683","1565",0,0
"2684","1565",0,0
"2685","1565",0,0
"2686","1565",0,0
"2687","1565",0,0
"2688","1565",0,0
"2689","1565",0,0
"2690","1565",0,0
"2691","1565",0,0
"2692","1565",0,0
"2693","1565",0,0
"2694","1565",0,0
"2695","1565",0,0
"2696","1565",0,0
"2697","1565",0,0
"2698","1565",0,0
"2699","1565",0,0
"2700","1565",0,0
"2701","1565",0,0
"2702","1565",0,0
"2703","1565",0,0
"2704","1565",0,0
"2705","1565",0,0
"2706","1565",0,0
"2707","1565",0,0
"2708","1565",0,0
"2709","1565",0,0
"2710","1565",0,0
"2711","1565",0,0
"2712","1565",0,0
"2713","1565",0,0
"2714","1565",0,0
"2715","1565",0,0
"2716","1565",0,0
"2717","1565",0,0
"2718","1565",0,0
"2719","1565",0,0
"2720","1565",0,0
"2721","1565",0,0
"2722","1565",0,0
"2723","1565",0,0
"2724","1565",0,0
"2725","1565",0,0
"2726","1565",0,0
"2727","1565",17.42090509,9.010812976
"2728","1565",17.42090509,0
"2729","1565",19.22306768,9.010812976
"2730","1565",15.61874249,0
"2731","1565",16.82018422,10.81297557
"2732","1565",15.01802163,0
"2733","1565",16.82018422,10.81297557
"2734","1565",16.21946336,0
"2735","1565",17.42090509,9.611533841
"2736","1565",16.21946336,0
"2737","1565",16.82018422,9.611533841
"2738","1565",16.21946336,0
"2739","1565",15.61874249,0
"2740","1565",16.21946336,9.010812976
"2741","1565",15.61874249,0
"2742","1565",16.21946336,10.21225471
"2743","1565",16.21946336,0
"2744","1565",16.82018422,9.010812976
"2745","1565",0,0
"2746","1565",0,0
"2747","1565",0,0
"2748","1565",0,0
"2749","1565",0,0
"2750","1565",0,0
"2751","1565",0,0
"2752","1565",0,0
"2753","1565",0,0
"2754","1565",0,0
"2755","1565",0,0
"2756","1565",0,0
"2757","1565",0,0
"2758","1565",0,0
"2759","1565",0,0
"2760","1565",0,0
"2761","1565",0,0
"2762","1565",0,0
"2763","1565",0,0
"2764","1565",0,0
"2765","1565",0,0
"2766","1565",0,0
"2767","1565",0,0
"2768","1565",0,0
"2769","1565",0,0
"2770","1565",0,0
"2771","1565",0,0
"2772","1565",0,0
"2773","1565",0,0
"2774","1565",0,0
"2775","1565",0,0
"2776","1565",0,0
"2777","1565",0,0
"2778","1565",0,0
"2779","1565",0,0
"2780","1565",0,0
"2781","1565",0,0
"2782","1565",0,0
"2783","1565",0,0
"2784","1565",0,0
"2785","1565",0,0
"2786","1565",0,0
"2787","1565",0,0
"2788","1565",0,0
"2789","1565",0,0
"2790","1565",0,0
"2791","1565",0,0
"2792","1565",0,0
"2793","1565",0,0
"2794","1565",0,0
"2795","1565",0,0
"2796","1565",0,0
"2797","1565",0,0
"2798","1565",0,0
"2799","1565",0,0
"2800","1565",0,0
"2801","1565",0,0
"2802","1565",0,0
"2803","1565",0,0
"2804","1565",0,0
"2805","1565",0,0
"2806","1565",0,0
"2807","1565",0,0
"2808","1565",0,0
"2809","1565",0,0
"2810","1565",0,0
"2811","1565",0,0
"2812","1565",0,0
"2813","1565",0,0
"2814","1565",0,0
"2815","1565",0,0
"2816","1565",0,0
"2817","1565",0,0
"2818","1565",0,0
"2819","1565",0,0
"2820","1565",0,0
"2821","1565",15.01802163,12.61513817
"2822","1565",0,12.61513817
"2823","1565",16.21946336,12.0144173
"2824","1565",0,13.21585903
"2825","1565",16.21946336,12.0144173
"2826","1565",0,11.41369644
"2827","1565",18.62234682,12.0144173
"2828","1565",0,12.61513817
"2829","1565",16.21946336,12.61513817
"2830","1565",0,12.0144173
"2831","1565",16.82018422,12.61513817
"2832","1565",0,11.41369644
"2833","1565",0,10.81297557
"2834","1565",16.21946336,10.81297557
"2835","1565",0,11.41369644
"2836","1565",16.21946336,12.0144173
"2837","1565",0,10.81297557
"2838","1565",15.61874249,11.41369644
"2839","1565",0,0
"2840","1565",0,0
"2841","1565",0,0
"2842","1565",0,0
"2843","1565",0,0
"2844","1565",0,0
"2845","1565",0,0
"2846","1565",0,0
"2847","1565",0,0
"2848","1565",0,0
"2849","1565",0,0
"2850","1565",0,0
"2851","1565",0,0
"2852","1565",0,0
"2853","1565",0,0
"2854","1565",0,0
"2855","1565",0,0
"2856","1565",0,0
"2857","1565",0,0
"2858","1565",0,0
"2859","1565",0,0
"2860","1565",0,0
"2861","1565",0,0
"2862","1565",0,0
"2863","1565",0,0
"2864","1565",0,0
"2865","1565",0,0
"2866","1565",0,0
"2867","1565",0,0
"2868","1565",0,0
"2869","1565",0,0
"2870","1565",0,0
"2871","1565",0,0
"2872","1565",0,0
"2873","1565",0,0
"2874","1565",0,0
"2875","1565",0,0
"2876","1565",0,0
"2877","1565",0,0
"2878","1565",0,0
"2879","1565",0,0
"2880","1565",0,0
"2881","1565",0,0
"2882","1565",0,0
"2883","1565",0,0
"2884","1565",0,0
"2885","1565",0,0
"2886","1565",0,0
"2887","1565",0,0
"2888","1565",0,0
"2889","1565",0,0
"2890","1565",0,0
"2891","1565",0,0
"2892","1565",0,0
"2893","1565",0,0
"2894","1565",0,0
"2895","1565",0,0
"2896","1565",0,0
"2897","1565",0,0
"2898","1565",0,0
"2899","1565",0,0
"2900","1565",0,0
"2901","1565",0,0
"2902","1565",0,0
"2903","1565",0,0
"2904","1565",0,0
"2905","1565",0,0
"2906","1565",0,0
"2907","1565",0,0
"2908","1565",0,0
"2909","1565",0,0
"2910","1565",0,0
"2911","1565",0,0
"2912","1565",0,0
"2913","1565",0,0
"2914","1565",0,0
"2915","20032",21.62595114,17.74655698
"2916","20032",20.42450941,17.19197708
"2917","20032",21.02523028,15.52823736
"2918","20032",22.22667201,15.52823736
"2919","20032",21.62595114,16.08281727
"2920","20032",21.62595114,16.08281727
"2921","20032",21.62595114,14.97365745
"2922","20032",21.02523028,16.08281727
"2923","20032",21.02523028,16.08281727
"2924","20032",20.42450941,15.52823736
"2925","20032",21.02523028,15.52823736
"2926","20032",21.02523028,15.52823736
"2927","20032",22.22667201,15.52823736
"2928","20032",20.42450941,14.97365745
"2929","20032",21.62595114,14.41907755
"2930","20032",21.02523028,16.08281727
"2931","20032",21.62595114,14.41907755
"2932","20032",21.62595114,14.97365745
"2933","20032",0,0
"2934","20032",0,0
"2935","20032",0,0
"2936","20032",0,0
"2937","20032",0,0
"2938","20032",0,0
"2939","20032",0,0
"2940","20032",0,0
"2941","20032",0,0
"2942","20032",0,0
"2943","20032",0,0
"2944","20032",0,0
"2945","20032",0,0
"2946","20032",0,0
"2947","20032",0,0
"2948","20032",0,0
"2949","20032",0,0
"2950","20032",0,0
"2951","20032",0,0
"2952","20032",0,0
"2953","20032",0,0
"2954","20032",0,0
"2955","20032",0,0
"2956","20032",0,0
"2957","20032",0,0
"2958","20032",0,0
"2959","20032",0,0
"2960","20032",0,0
"2961","20032",0,0
"2962","20032",0,0
"2963","20032",0,0
"2964","20032",0,0
"2965","20032",0,0
"2966","20032",0,0
"2967","20032",0,0
"2968","20032",0,0
"2969","20032",0,0
"2970","20032",0,0
"2971","20032",0,0
"2972","20032",0,0
"2973","20032",0,0
"2974","20032",0,0
"2975","20032",0,0
"2976","20032",0,0
"2977","20032",0,0
"2978","20032",0,0
"2979","20032",0,0
"2980","20032",0,0
"2981","20032",0,0
"2982","20032",0,0
"2983","20032",0,0
"2984","20032",0,0
"2985","20032",0,0
"2986","20032",0,0
"2987","20032",0,0
"2988","20032",0,0
"2989","20032",0,0
"2990","20032",0,0
"2991","20032",0,0
"2992","20032",0,0
"2993","20032",0,0
"2994","20032",0,0
"2995","20032",0,0
"2996","20032",0,0
"2997","20032",0,0
"2998","20032",0,0
"2999","20032",0,0
"3000","20032",0,0
"3001","20032",0,0
"3002","20032",0,0
"3003","20032",0,0
"3004","20032",0,0
"3005","20032",0,0
"3006","20032",0,0
"3007","20032",0,0
"3008","20032",0,0
"3009","20032",21.02523028,16.64662906
"3010","20032",21.02523028,14.98196615
"3011","20032",19.82378855,16.64662906
"3012","20032",22.22667201,16.09174142
"3013","20032",21.02523028,17.75640433
"3014","20032",20.42450941,16.64662906
"3015","20032",19.22306768,16.64662906
"3016","20032",20.42450941,16.09174142
"3017","20032",21.02523028,17.20151669
"3018","20032",22.22667201,15.53685379
"3019","20032",20.42450941,15.53685379
"3020","20032",20.42450941,16.64662906
"3021","20032",21.62595114,16.64662906
"3022","20032",22.82739287,14.42707852
"3023","20032",20.42450941,15.53685379
"3024","20032",21.02523028,15.53685379
"3025","20032",21.02523028,16.09174142
"3026","20032",19.82378855,14.42707852
"3027","20032",0,0
"3028","20032",0,0
"3029","20032",0,0
"3030","20032",0,0
"3031","20032",0,0
"3032","20032",0,0
"3033","20032",0,0
"3034","20032",0,0
"3035","20032",0,0
"3036","20032",0,0
"3037","20032",0,0
"3038","20032",0,0
"3039","20032",0,0
"3040","20032",0,0
"3041","20032",0,0
"3042","20032",0,0
"3043","20032",0,0
"3044","20032",0,0
"3045","20032",0,0
"3046","20032",0,0
"3047","20032",0,0
"3048","20032",0,0
"3049","20032",0,0
"3050","20032",0,0
"3051","20032",0,0
"3052","20032",0,0
"3053","20032",0,0
"3054","20032",0,0
"3055","20032",0,0
"3056","20032",0,0
"3057","20032",0,0
"3058","20032",0,0
"3059","20032",0,0
"3060","20032",0,0
"3061","20032",0,0
"3062","20032",0,0
"3063","20032",0,0
"3064","20032",0,0
"3065","20032",0,0
"3066","20032",0,0
"3067","20032",0,0
"3068","20032",0,0
"3069","20032",0,0
"3070","20032",0,0
"3071","20032",0,0
"3072","20032",0,0
"3073","20032",0,0
"3074","20032",0,0
"3075","20032",0,0
"3076","20032",0,0
"3077","20032",0,0
"3078","20032",0,0
"3079","20032",0,0
"3080","20032",0,0
"3081","20032",0,0
"3082","20032",0,0
"3083","20032",0,0
"3084","20032",0,0
"3085","20032",0,0
"3086","20032",0,0
"3087","20032",0,0
"3088","20032",0,0
"3089","20032",0,0
"3090","20032",0,0
"3091","20032",0,0
"3092","20032",0,0
"3093","20032",0,0
"3094","20032",0,0
"3095","20032",0,0
"3096","20032",0,0
"3097","20032",0,0
"3098","20032",0,0
"3099","20032",0,0
"3100","20032",0,0
"3101","20032",0,0
"3102","20032",0,0
"3103","20032",19.22306768,16.08579088
"3104","20032",19.22306768,16.08579088
"3105","20032",20.42450941,16.08579088
"3106","20032",19.22306768,16.08579088
"3107","20032",20.42450941,16.64047333
"3108","20032",21.62595114,17.19515577
"3109","20032",19.82378855,16.08579088
"3110","20032",21.62595114,16.64047333
"3111","20032",21.62595114,16.08579088
"3112","20032",19.22306768,15.53110844
"3113","20032",20.42450941,16.64047333
"3114","20032",19.82378855,15.53110844
"3115","20032",20.42450941,14.42174355
"3116","20032",19.82378855,14.976426
"3117","20032",21.02523028,16.64047333
"3118","20032",19.82378855,15.53110844
"3119","20032",20.42450941,15.53110844
"3120","20032",20.42450941,14.42174355
"3121","20032",0,0
"3122","20032",0,0
"3123","20032",0,0
"3124","20032",0,0
"3125","20032",0,0
"3126","20032",0,0
"3127","20032",0,0
"3128","20032",0,0
"3129","20032",0,0
"3130","20032",0,0
"3131","20032",0,0
"3132","20032",0,0
"3133","20032",0,0
"3134","20032",0,0
"3135","20032",0,0
"3136","20032",0,0
"3137","20032",0,0
"3138","20032",0,0
"3139","20032",0,0
"3140","20032",0,0
"3141","20032",0,0
"3142","20032",0,0
"3143","20032",0,0
"3144","20032",0,0
"3145","20032",0,0
"3146","20032",0,0
"3147","20032",0,0
"3148","20032",0,0
"3149","20032",0,0
"3150","20032",0,0
"3151","20032",0,0
"3152","20032",0,0
"3153","20032",0,0
"3154","20032",0,0
"3155","20032",0,0
"3156","20032",0,0
"3157","20032",0,0
"3158","20032",0,0
"3159","20032",0,0
"3160","20032",0,0
"3161","20032",0,0
"3162","20032",0,0
"3163","20032",0,0
"3164","20032",0,0
"3165","20032",0,0
"3166","20032",0,0
"3167","20032",0,0
"3168","20032",0,0
"3169","20032",0,0
"3170","20032",0,0
"3171","20032",0,0
"3172","20032",0,0
"3173","20032",0,0
"3174","20032",0,0
"3175","20032",0,0
"3176","20032",0,0
"3177","20032",0,0
"3178","20032",0,0
"3179","20032",0,0
"3180","20032",0,0
"3181","20032",0,0
"3182","20032",0,0
"3183","20032",0,0
"3184","20032",0,0
"3185","20032",0,0
"3186","20032",0,0
"3187","20032",0,0
"3188","20032",0,0
"3189","20032",0,0
"3190","20032",0,0
"3191","20032",0,0
"3192","20032",0,0
"3193","20032",0,0
"3194","20032",0,0
"3195","20032",0,0
"3196","20032",0,0
"3197","20032",19.82378855,14.42574441
"3198","20032",19.82378855,14.98058073
"3199","20032",19.82378855,16.09025338
"3200","20032",20.42450941,14.98058073
"3201","20032",21.02523028,16.09025338
"3202","20032",21.02523028,14.98058073
"3203","20032",19.82378855,15.53541705
"3204","20032",21.62595114,16.6450897
"3205","20032",19.82378855,16.09025338
"3206","20032",20.42450941,15.53541705
"3207","20032",21.02523028,15.53541705
"3208","20032",19.82378855,14.98058073
"3209","20032",19.82378855,14.98058073
"3210","20032",19.22306768,15.53541705
"3211","20032",21.62595114,14.98058073
"3212","20032",20.42450941,14.42574441
"3213","20032",20.42450941,14.42574441
"3214","20032",20.42450941,17.19992602
"3215","20032",0,0
"3216","20032",0,0
"3217","20032",0,0
"3218","20032",0,0
"3219","20032",0,0
"3220","20032",0,0
"3221","20032",0,0
"3222","20032",0,0
"3223","20032",0,0
"3224","20032",0,0
"3225","20032",0,0
"3226","20032",0,0
"3227","20032",0,0
"3228","20032",0,0
"3229","20032",0,0
"3230","20032",0,0
"3231","20032",0,0
"3232","20032",0,0
"3233","20032",0,0
"3234","20032",0,0
"3235","20032",0,0
"3236","20032",0,0
"3237","20032",0,0
"3238","20032",0,0
"3239","20032",0,0
"3240","20032",0,0
"3241","20032",0,0
"3242","20032",0,0
"3243","20032",0,0
"3244","20032",0,0
"3245","20032",0,0
"3246","20032",0,0
"3247","20032",0,0
"3248","20032",0,0
"3249","20032",0,0
"3250","20032",0,0
"3251","20032",0,0
"3252","20032",0,0
"3253","20032",0,0
"3254","20032",0,0
"3255","20032",0,0
"3256","20032",0,0
"3257","20032",0,0
"3258","20032",0,0
"3259","20032",0,0
"3260","20032",0,0
"3261","20032",0,0
"3262","20032",0,0
"3263","20032",0,0
"3264","20032",0,0
"3265","20032",0,0
"3266","20032",0,0
"3267","20032",0,0
"3268","20032",0,0
"3269","20032",0,0
"3270","20032",0,0
"3271","20032",0,0
"3272","20032",0,0
"3273","20032",0,0
"3274","20032",0,0
"3275","20032",0,0
"3276","20032",0,0
"3277","20032",0,0
"3278","20032",0,0
"3279","20032",0,0
"3280","20032",0,0
"3281","20032",0,0
"3282","20032",0,0
"3283","20032",0,0
"3284","20032",0,0
"3285","20032",0,0
"3286","20032",0,0
"3287","20032",0,0
"3288","20032",0,0
"3289","20032",0,0
"3290","20032",0,0
"3291","20080",20.41009166,13.86065422
"3292","20080",19.27619768,11.64294955
"3293","20080",21.54398564,13.30622805
"3294","20080",19.84314467,13.86065422
"3295","20080",21.54398564,14.41508039
"3296","20080",19.84314467,12.75180189
"3297","20080",20.41009166,12.19737572
"3298","20080",20.41009166,13.30622805
"3299","20080",22.11093263,14.96950656
"3300","20080",20.41009166,12.19737572
"3301","20080",20.97703865,13.30622805
"3302","20080",19.84314467,14.41508039
"3303","20080",20.97703865,11.64294955
"3304","20080",20.97703865,11.64294955
"3305","20080",20.41009166,12.19737572
"3306","20080",20.41009166,12.75180189
"3307","20080",20.97703865,11.08852338
"3308","20080",20.97703865,11.08852338
"3309","20080",0,0
"3310","20080",0,0
"3311","20080",0,0
"3312","20080",0,0
"3313","20080",0,0
"3314","20080",0,0
"3315","20080",0,0
"3316","20080",0,0
"3317","20080",0,0
"3318","20080",0,0
"3319","20080",0,0
"3320","20080",0,0
"3321","20080",0,0
"3322","20080",0,0
"3323","20080",0,0
"3324","20080",0,0
"3325","20080",0,0
"3326","20080",0,0
"3327","20080",0,0
"3328","20080",0,0
"3329","20080",0,0
"3330","20080",0,0
"3331","20080",0,0
"3332","20080",0,0
"3333","20080",0,0
"3334","20080",0,0
"3335","20080",0,0
"3336","20080",0,0
"3337","20080",0,0
"3338","20080",0,0
"3339","20080",0,0
"3340","20080",0,0
"3341","20080",0,0
"3342","20080",0,0
"3343","20080",0,0
"3344","20080",0,0
"3345","20080",0,0
"3346","20080",0,0
"3347","20080",0,0
"3348","20080",0,0
"3349","20080",0,0
"3350","20080",0,0
"3351","20080",0,0
"3352","20080",0,0
"3353","20080",0,0
"3354","20080",0,0
"3355","20080",0,0
"3356","20080",0,0
"3357","20080",0,0
"3358","20080",0,0
"3359","20080",0,0
"3360","20080",0,0
"3361","20080",0,0
"3362","20080",0,0
"3363","20080",0,0
"3364","20080",0,0
"3365","20080",0,0
"3366","20080",0,0
"3367","20080",0,0
"3368","20080",0,0
"3369","20080",0,0
"3370","20080",0,0
"3371","20080",0,0
"3372","20080",0,0
"3373","20080",0,0
"3374","20080",0,0
"3375","20080",0,0
"3376","20080",0,0
"3377","20080",0,0
"3378","20080",0,0
"3379","20080",0,0
"3380","20080",0,0
"3381","20080",0,0
"3382","20080",0,0
"3383","20080",0,0
"3384","20080",0,0
"3385","20080",20.59178184,13.31237866
"3386","20080",17.80910862,12.20301377
"3387","20080",19.47871255,13.31237866
"3388","20080",20.03524719,12.75769622
"3389","20080",21.14831648,13.31237866
"3390","20080",19.47871255,12.75769622
"3391","20080",20.03524719,13.31237866
"3392","20080",20.03524719,12.75769622
"3393","20080",20.03524719,13.86706111
"3394","20080",18.36564326,13.31237866
"3395","20080",20.59178184,13.31237866
"3396","20080",19.47871255,12.20301377
"3397","20080",19.47871255,11.64833133
"3398","20080",19.47871255,12.20301377
"3399","20080",19.47871255,11.09364889
"3400","20080",22.26138577,12.20301377
"3401","20080",19.47871255,12.20301377
"3402","20080",18.92217791,11.64833133
"3403","20080",0,0
"3404","20080",0,0
"3405","20080",0,0
"3406","20080",0,0
"3407","20080",0,0
"3408","20080",0,0
"3409","20080",0,0
"3410","20080",0,0
"3411","20080",0,0
"3412","20080",0,0
"3413","20080",0,0
"3414","20080",0,0
"3415","20080",0,0
"3416","20080",0,0
"3417","20080",0,0
"3418","20080",0,0
"3419","20080",0,0
"3420","20080",0,0
"3421","20080",0,0
"3422","20080",0,0
"3423","20080",0,0
"3424","20080",0,0
"3425","20080",0,0
"3426","20080",0,0
"3427","20080",0,0
"3428","20080",0,0
"3429","20080",0,0
"3430","20080",0,0
"3431","20080",0,0
"3432","20080",0,0
"3433","20080",0,0
"3434","20080",0,0
"3435","20080",0,0
"3436","20080",0,0
"3437","20080",0,0
"3438","20080",0,0
"3439","20080",0,0
"3440","20080",0,0
"3441","20080",0,0
"3442","20080",0,0
"3443","20080",0,0
"3444","20080",0,0
"3445","20080",0,0
"3446","20080",0,0
"3447","20080",0,0
"3448","20080",0,0
"3449","20080",0,0
"3450","20080",0,0
"3451","20080",0,0
"3452","20080",0,0
"3453","20080",0,0
"3454","20080",0,0
"3455","20080",0,0
"3456","20080",0,0
"3457","20080",0,0
"3458","20080",0,0
"3459","20080",0,0
"3460","20080",0,0
"3461","20080",0,0
"3462","20080",0,0
"3463","20080",0,0
"3464","20080",0,0
"3465","20080",0,0
"3466","20080",0,0
"3467","20080",0,0
"3468","20080",0,0
"3469","20080",0,0
"3470","20080",0,0
"3471","20080",0,0
"3472","20080",0,0
"3473","20080",0,0
"3474","20080",0,0
"3475","20080",0,0
"3476","20080",0,0
"3477","20080",0,0
"3478","20080",0,0
"3479","20080",20.52325044,12.75769622
"3480","20080",19.41388555,12.20301377
"3481","20080",19.96856799,14.42174355
"3482","20080",20.52325044,13.31237866
"3483","20080",19.41388555,13.31237866
"3484","20080",19.96856799,12.75769622
"3485","20080",19.41388555,12.20301377
"3486","20080",19.41388555,12.75769622
"3487","20080",19.96856799,13.31237866
"3488","20080",18.85920311,13.31237866
"3489","20080",19.96856799,14.42174355
"3490","20080",19.41388555,12.75769622
"3491","20080",19.96856799,12.20301377
"3492","20080",18.85920311,12.20301377
"3493","20080",19.96856799,12.75769622
"3494","20080",19.41388555,12.75769622
"3495","20080",19.41388555,12.75769622
"3496","20080",19.41388555,11.64833133
"3497","20080",0,0
"3498","20080",0,0
"3499","20080",0,0
"3500","20080",0,0
"3501","20080",0,0
"3502","20080",0,0
"3503","20080",0,0
"3504","20080",0,0
"3505","20080",0,0
"3506","20080",0,0
"3507","20080",0,0
"3508","20080",0,0
"3509","20080",0,0
"3510","20080",0,0
"3511","20080",0,0
"3512","20080",0,0
"3513","20080",0,0
"3514","20080",0,0
"3515","20080",0,0
"3516","20080",0,0
"3517","20080",0,0
"3518","20080",0,0
"3519","20080",0,0
"3520","20080",0,0
"3521","20080",0,0
"3522","20080",0,0
"3523","20080",0,0
"3524","20080",0,0
"3525","20080",0,0
"3526","20080",0,0
"3527","20080",0,0
"3528","20080",0,0
"3529","20080",0,0
"3530","20080",0,0
"3531","20080",0,0
"3532","20080",0,0
"3533","20080",0,0
"3534","20080",0,0
"3535","20080",0,0
"3536","20080",0,0
"3537","20080",0,0
"3538","20080",0,0
"3539","20080",0,0
"3540","20080",0,0
"3541","20080",0,0
"3542","20080",0,0
"3543","20080",0,0
"3544","20080",0,0
"3545","20080",0,0
"3546","20080",0,0
"3547","20080",0,0
"3548","20080",0,0
"3549","20080",0,0
"3550","20080",0,0
"3551","20080",0,0
"3552","20080",0,0
"3553","20080",0,0
"3554","20080",0,0
"3555","20080",0,0
"3556","20080",0,0
"3557","20080",0,0
"3558","20080",0,0
"3559","20080",0,0
"3560","20080",0,0
"3561","20080",0,0
"3562","20080",0,0
"3563","20080",0,0
"3564","20080",0,0
"3565","20080",0,0
"3566","20080",0,0
"3567","20080",0,0
"3568","20080",0,0
"3569","20080",0,0
"3570","20080",0,0
"3571","20080",0,0
"3572","20080",0,0
"3573","20080",19.97965036,13.30991774
"3574","20080",18.86966978,13.30991774
"3575","20080",22.19961151,12.75533783
"3576","20080",19.42466007,13.30991774
"3577","20080",19.97965036,12.75533783
"3578","20080",18.86966978,13.86449764
"3579","20080",19.97965036,13.30991774
"3580","20080",19.42466007,12.75533783
"3581","20080",18.86966978,13.86449764
"3582","20080",18.31467949,12.75533783
"3583","20080",19.97965036,13.86449764
"3584","20080",18.31467949,13.86449764
"3585","20080",18.86966978,13.30991774
"3586","20080",19.97965036,11.64617802
"3587","20080",19.42466007,11.64617802
"3588","20080",21.08963093,12.75533783
"3589","20080",19.97965036,13.86449764
"3590","20080",19.97965036,12.20075793
"3591","20080",0,0
"3592","20080",0,0
"3593","20080",0,0
"3594","20080",0,0
"3595","20080",0,0
"3596","20080",0,0
"3597","20080",0,0
"3598","20080",0,0
"3599","20080",0,0
"3600","20080",0,0
"3601","20080",0,0
"3602","20080",0,0
"3603","20080",0,0
"3604","20080",0,0
"3605","20080",0,0
"3606","20080",0,0
"3607","20080",0,0
"3608","20080",0,0
"3609","20080",0,0
"3610","20080",0,0
"3611","20080",0,0
"3612","20080",0,0
"3613","20080",0,0
"3614","20080",0,0
"3615","20080",0,0
"3616","20080",0,0
"3617","20080",0,0
"3618","20080",0,0
"3619","20080",0,0
"3620","20080",0,0
"3621","20080",0,0
"3622","20080",0,0
"3623","20080",0,0
"3624","20080",0,0
"3625","20080",0,0
"3626","20080",0,0
"3627","20080",0,0
"3628","20080",0,0
"3629","20080",0,0
"3630","20080",0,0
"3631","20080",0,0
"3632","20080",0,0
"3633","20080",0,0
"3634","20080",0,0
"3635","20080",0,0
"3636","20080",0,0
"3637","20080",0,0
"3638","20080",0,0
"3639","20080",0,0
"3640","20080",0,0
"3641","20080",0,0
"3642","20080",0,0
"3643","20080",0,0
"3644","20080",0,0
"3645","20080",0,0
"3646","20080",0,0
"3647","20080",0,0
"3648","20080",0,0
"3649","20080",0,0
"3650","20080",0,0
"3651","20080",0,0
"3652","20080",0,0
"3653","20080",0,0
"3654","20080",0,0
"3655","20080",0,0
"3656","20080",0,0
"3657","20080",0,0
"3658","20080",0,0
"3659","20080",0,0
"3660","20080",0,0
"3661","20080",0,0
"3662","20080",0,0
"3663","20080",0,0
"3664","20080",0,0
"3665","20080",0,0
"3666","20080",0,0
"3667","20084",28.23388066,23.8513451
"3668","20084",29.43532239,23.29666266
"3669","20084",28.83460152,23.8513451
"3670","20084",27.03243893,25.51539244
"3671","20084",30.03604325,25.51539244
"3672","20084",31.23748498,26.07007488
"3673","20084",29.43532239,26.62475733
"3674","20084",29.43532239,25.51539244
"3675","20084",31.83820585,24.40602755
"3676","20084",28.83460152,25.51539244
"3677","20084",30.63676412,24.96070999
"3678","20084",28.23388066,24.96070999
"3679","20084",28.83460152,23.8513451
"3680","20084",28.83460152,23.29666266
"3681","20084",28.23388066,24.40602755
"3682","20084",29.43532239,24.96070999
"3683","20084",29.43532239,23.8513451
"3684","20084",30.03604325,24.40602755
"3685","20084",0,0
"3686","20084",0,0
"3687","20084",0,0
"3688","20084",0,0
"3689","20084",0,0
"3690","20084",0,0
"3691","20084",0,0
"3692","20084",0,0
"3693","20084",0,0
"3694","20084",0,0
"3695","20084",0,0
"3696","20084",0,0
"3697","20084",0,0
"3698","20084",0,0
"3699","20084",0,0
"3700","20084",0,0
"3701","20084",0,0
"3702","20084",0,0
"3703","20084",0,0
"3704","20084",0,0
"3705","20084",0,0
"3706","20084",0,0
"3707","20084",0,0
"3708","20084",0,0
"3709","20084",0,0
"3710","20084",0,0
"3711","20084",0,0
"3712","20084",0,0
"3713","20084",0,0
"3714","20084",0,0
"3715","20084",0,0
"3716","20084",0,0
"3717","20084",0,0
"3718","20084",0,0
"3719","20084",0,0
"3720","20084",0,0
"3721","20084",0,0
"3722","20084",0,0
"3723","20084",0,0
"3724","20084",0,0
"3725","20084",0,0
"3726","20084",0,0
"3727","20084",0,0
"3728","20084",0,0
"3729","20084",0,0
"3730","20084",0,0
"3731","20084",0,0
"3732","20084",0,0
"3733","20084",0,0
"3734","20084",0,0
"3735","20084",0,0
"3736","20084",0,0
"3737","20084",0,0
"3738","20084",0,0
"3739","20084",0,0
"3740","20084",0,0
"3741","20084",0,0
"3742","20084",0,0
"3743","20084",0,0
"3744","20084",0,0
"3745","20084",0,0
"3746","20084",0,0
"3747","20084",0,0
"3748","20084",0,0
"3749","20084",0,0
"3750","20084",0,0
"3751","20084",0,0
"3752","20084",0,0
"3753","20084",0,0
"3754","20084",0,0
"3755","20084",0,0
"3756","20084",0,0
"3757","20084",0,0
"3758","20084",0,0
"3759","20084",0,0
"3760","20084",0,0
"3761","20084",25.8309972,24.41505595
"3762","20084",27.03243893,24.96994359
"3763","20084",26.43171806,25.52483122
"3764","20084",28.23388066,23.86016832
"3765","20084",28.23388066,26.07971886
"3766","20084",28.83460152,26.07971886
"3767","20084",28.23388066,25.52483122
"3768","20084",28.23388066,26.07971886
"3769","20084",27.63315979,28.2992694
"3770","20084",28.83460152,24.96994359
"3771","20084",27.63315979,26.63460649
"3772","20084",27.63315979,24.96994359
"3773","20084",27.63315979,24.41505595
"3774","20084",27.03243893,24.41505595
"3775","20084",28.83460152,23.86016832
"3776","20084",30.03604325,23.30528068
"3777","20084",27.63315979,24.41505595
"3778","20084",27.63315979,24.41505595
"3779","20084",0,0
"3780","20084",0,0
"3781","20084",0,0
"3782","20084",0,0
"3783","20084",0,0
"3784","20084",0,0
"3785","20084",0,0
"3786","20084",0,0
"3787","20084",0,0
"3788","20084",0,0
"3789","20084",0,0
"3790","20084",0,0
"3791","20084",0,0
"3792","20084",0,0
"3793","20084",0,0
"3794","20084",0,0
"3795","20084",0,0
"3796","20084",0,0
"3797","20084",0,0
"3798","20084",0,0
"3799","20084",0,0
"3800","20084",0,0
"3801","20084",0,0
"3802","20084",0,0
"3803","20084",0,0
"3804","20084",0,0
"3805","20084",0,0
"3806","20084",0,0
"3807","20084",0,0
"3808","20084",0,0
"3809","20084",0,0
"3810","20084",0,0
"3811","20084",0,0
"3812","20084",0,0
"3813","20084",0,0
"3814","20084",0,0
"3815","20084",0,0
"3816","20084",0,0
"3817","20084",0,0
"3818","20084",0,0
"3819","20084",0,0
"3820","20084",0,0
"3821","20084",0,0
"3822","20084",0,0
"3823","20084",0,0
"3824","20084",0,0
"3825","20084",0,0
"3826","20084",0,0
"3827","20084",0,0
"3828","20084",0,0
"3829","20084",0,0
"3830","20084",0,0
"3831","20084",0,0
"3832","20084",0,0
"3833","20084",0,0
"3834","20084",0,0
"3835","20084",0,0
"3836","20084",0,0
"3837","20084",0,0
"3838","20084",0,0
"3839","20084",0,0
"3840","20084",0,0
"3841","20084",0,0
"3842","20084",0,0
"3843","20084",0,0
"3844","20084",0,0
"3845","20084",0,0
"3846","20084",0,0
"3847","20084",0,0
"3848","20084",0,0
"3849","20084",0,0
"3850","20084",0,0
"3851","20084",0,0
"3852","20084",0,0
"3853","20084",0,0
"3854","20084",0,0
"3855","20084",27.63315979,24.41505595
"3856","20084",27.63315979,23.86016832
"3857","20084",27.03243893,24.41505595
"3858","20084",27.63315979,23.86016832
"3859","20084",28.23388066,25.52483122
"3860","20084",28.23388066,24.96994359
"3861","20084",28.83460152,25.52483122
"3862","20084",27.63315979,23.86016832
"3863","20084",27.03243893,24.41505595
"3864","20084",28.23388066,24.96994359
"3865","20084",30.63676412,27.18949413
"3866","20084",27.63315979,24.96994359
"3867","20084",28.83460152,24.41505595
"3868","20084",26.43171806,22.19550541
"3869","20084",27.63315979,22.75039305
"3870","20084",27.63315979,23.86016832
"3871","20084",28.23388066,23.86016832
"3872","20084",29.43532239,25.52483122
"3873","20084",0,0
"3874","20084",0,0
"3875","20084",0,0
"3876","20084",0,0
"3877","20084",0,0
"3878","20084",0,0
"3879","20084",0,0
"3880","20084",0,0
"3881","20084",0,0
"3882","20084",0,0
"3883","20084",0,0
"3884","20084",0,0
"3885","20084",0,0
"3886","20084",0,0
"3887","20084",0,0
"3888","20084",0,0
"3889","20084",0,0
"3890","20084",0,0
"3891","20084",0,0
"3892","20084",0,0
"3893","20084",0,0
"3894","20084",0,0
"3895","20084",0,0
"3896","20084",0,0
"3897","20084",0,0
"3898","20084",0,0
"3899","20084",0,0
"3900","20084",0,0
"3901","20084",0,0
"3902","20084",0,0
"3903","20084",0,0
"3904","20084",0,0
"3905","20084",0,0
"3906","20084",0,0
"3907","20084",0,0
"3908","20084",0,0
"3909","20084",0,0
"3910","20084",0,0
"3911","20084",0,0
"3912","20084",0,0
"3913","20084",0,0
"3914","20084",0,0
"3915","20084",0,0
"3916","20084",0,0
"3917","20084",0,0
"3918","20084",0,0
"3919","20084",0,0
"3920","20084",0,0
"3921","20084",0,0
"3922","20084",0,0
"3923","20084",0,0
"3924","20084",0,0
"3925","20084",0,0
"3926","20084",0,0
"3927","20084",0,0
"3928","20084",0,0
"3929","20084",0,0
"3930","20084",0,0
"3931","20084",0,0
"3932","20084",0,0
"3933","20084",0,0
"3934","20084",0,0
"3935","20084",0,0
"3936","20084",0,0
"3937","20084",0,0
"3938","20084",0,0
"3939","20084",0,0
"3940","20084",0,0
"3941","20084",0,0
"3942","20084",0,0
"3943","20084",0,0
"3944","20084",0,0
"3945","20084",0,0
"3946","20084",0,0
"3947","20084",0,0
"3948","20084",0,0
"3949","30171",22.219998,17.75147929
"3950","30171",22.82053848,18.30621302
"3951","30171",22.82053848,18.30621302
"3952","30171",24.02161946,20.52514793
"3953","30171",21.61945751,19.9704142
"3954","30171",24.62215994,20.52514793
"3955","30171",23.42107897,16.08727811
"3956","30171",21.61945751,17.19674556
"3957","30171",23.42107897,21.63461538
"3958","30171",21.01891703,17.75147929
"3959","30171",21.61945751,20.52514793
"3960","30171",20.41837654,18.86094675
"3961","30171",21.61945751,21.07988166
"3962","30171",21.61945751,17.19674556
"3963","30171",21.61945751,17.19674556
"3964","30171",21.61945751,18.86094675
"3965","30171",22.219998,19.41568047
"3966","30171",22.219998,21.63461538
"3967","30171",0,0
"3968","30171",0,0
"3969","30171",0,0
"3970","30171",0,0
"3971","30171",0,0
"3972","30171",0,0
"3973","30171",0,0
"3974","30171",0,0
"3975","30171",0,0
"3976","30171",0,0
"3977","30171",0,0
"3978","30171",0,0
"3979","30171",0,0
"3980","30171",0,0
"3981","30171",0,0
"3982","30171",0,0
"3983","30171",0,0
"3984","30171",0,0
"3985","30171",0,0
"3986","30171",0,0
"3987","30171",0,0
"3988","30171",0,0
"3989","30171",0,0
"3990","30171",0,0
"3991","30171",0,0
"3992","30171",0,0
"3993","30171",0,0
"3994","30171",0,0
"3995","30171",0,0
"3996","30171",0,0
"3997","30171",0,0
"3998","30171",0,0
"3999","30171",0,0
"4000","30171",0,0
"4001","30171",0,0
"4002","30171",0,0
"4003","30171",0,0
"4004","30171",0,0
"4005","30171",0,0
"4006","30171",0,0
"4007","30171",0,0
"4008","30171",0,0
"4009","30171",0,0
"4010","30171",0,0
"4011","30171",0,0
"4012","30171",0,0
"4013","30171",0,0
"4014","30171",0,0
"4015","30171",0,0
"4016","30171",0,0
"4017","30171",0,0
"4018","30171",0,0
"4019","30171",0,0
"4020","30171",0,0
"4021","30171",0,0
"4022","30171",0,0
"4023","30171",0,0
"4024","30171",0,0
"4025","30171",0,0
"4026","30171",0,0
"4027","30171",0,0
"4028","30171",0,0
"4029","30171",0,0
"4030","30171",0,0
"4031","30171",0,0
"4032","30171",0,0
"4033","30171",0,0
"4034","30171",0,0
"4035","30171",0,0
"4036","30171",0,0
"4037","30171",0,0
"4038","30171",0,0
"4039","30171",0,0
"4040","30171",0,0
"4041","30171",0,0
"4042","30171",0,0
"4043","30171",21.17778191,17.75147929
"4044","30171",20.06316181,18.30621302
"4045","30171",20.62047186,18.30621302
"4046","30171",21.17778191,17.75147929
"4047","30171",21.17778191,17.19674556
"4048","30171",22.29240201,19.41568047
"4049","30171",19.50585176,19.41568047
"4050","30171",21.73509196,17.75147929
"4051","30171",22.29240201,18.30621302
"4052","30171",20.62047186,16.64201183
"4053","30171",21.17778191,18.30621302
"4054","30171",20.06316181,17.19674556
"4055","30171",20.06316181,16.64201183
"4056","30171",20.62047186,16.64201183
"4057","30171",21.17778191,16.64201183
"4058","30171",10.58889095,16.64201183
"4059","30171",22.29240201,19.9704142
"4060","30171",21.17778191,16.64201183
"4061","30171",0,0
"4062","30171",0,0
"4063","30171",0,0
"4064","30171",0,0
"4065","30171",0,0
"4066","30171",0,0
"4067","30171",0,0
"4068","30171",0,0
"4069","30171",0,0
"4070","30171",0,0
"4071","30171",0,0
"4072","30171",0,0
"4073","30171",0,0
"4074","30171",0,0
"4075","30171",0,0
"4076","30171",0,0
"4077","30171",0,0
"4078","30171",0,0
"4079","30171",0,0
"4080","30171",0,0
"4081","30171",0,0
"4082","30171",0,0
"4083","30171",0,0
"4084","30171",0,0
"4085","30171",0,0
"4086","30171",0,0
"4087","30171",0,0
"4088","30171",0,0
"4089","30171",0,0
"4090","30171",0,0
"4091","30171",0,0
"4092","30171",0,0
"4093","30171",0,0
"4094","30171",0,0
"4095","30171",0,0
"4096","30171",0,0
"4097","30171",0,0
"4098","30171",0,0
"4099","30171",0,0
"4100","30171",0,0
"4101","30171",0,0
"4102","30171",0,0
"4103","30171",0,0
"4104","30171",0,0
"4105","30171",0,0
"4106","30171",0,0
"4107","30171",0,0
"4108","30171",0,0
"4109","30171",0,0
"4110","30171",0,0
"4111","30171",0,0
"4112","30171",0,0
"4113","30171",0,0
"4114","30171",0,0
"4115","30171",0,0
"4116","30171",0,0
"4117","30171",0,0
"4118","30171",0,0
"4119","30171",0,0
"4120","30171",0,0
"4121","30171",0,0
"4122","30171",0,0
"4123","30171",0,0
"4124","30171",0,0
"4125","30171",0,0
"4126","30171",0,0
"4127","30171",0,0
"4128","30171",0,0
"4129","30171",0,0
"4130","30171",0,0
"4131","30171",0,0
"4132","30171",0,0
"4133","30171",0,0
"4134","30171",0,0
"4135","30171",0,0
"4136","30171",0,0
"4137","30171",24.61597176,17.19992602
"4138","30171",20.60872054,18.30959867
"4139","30171",22.89857838,18.30959867
"4140","30171",23.47104284,17.19992602
"4141","30171",21.181185,17.75476235
"4142","30171",25.76090068,17.75476235
"4143","30171",22.32611392,18.30959867
"4144","30171",24.0435073,16.6450897
"4145","30171",22.32611392,17.75476235
"4146","30171",20.03625608,18.30959867
"4147","30171",22.89857838,19.41927131
"4148","30171",18.89132716,16.09025338
"4149","30171",24.61597176,18.86443499
"4150","30171",21.75364946,17.75476235
"4151","30171",22.32611392,16.6450897
"4152","30171",22.32611392,17.19992602
"4153","30171",21.181185,16.09025338
"4154","30171",16.60146933,17.75476235
"4155","30171",0,0
"4156","30171",0,0
"4157","30171",0,0
"4158","30171",0,0
"4159","30171",0,0
"4160","30171",0,0
"4161","30171",0,0
"4162","30171",0,0
"4163","30171",0,0
"4164","30171",0,0
"4165","30171",0,0
"4166","30171",0,0
"4167","30171",0,0
"4168","30171",0,0
"4169","30171",0,0
"4170","30171",0,0
"4171","30171",0,0
"4172","30171",0,0
"4173","30171",0,0
"4174","30171",0,0
"4175","30171",0,0
"4176","30171",0,0
"4177","30171",0,0
"4178","30171",0,0
"4179","30171",0,0
"4180","30171",0,0
"4181","30171",0,0
"4182","30171",0,0
"4183","30171",0,0
"4184","30171",0,0
"4185","30171",0,0
"4186","30171",0,0
"4187","30171",0,0
"4188","30171",0,0
"4189","30171",0,0
"4190","30171",0,0
"4191","30171",0,0
"4192","30171",0,0
"4193","30171",0,0
"4194","30171",0,0
"4195","30171",0,0
"4196","30171",0,0
"4197","30171",0,0
"4198","30171",0,0
"4199","30171",0,0
"4200","30171",0,0
"4201","30171",0,0
"4202","30171",0,0
"4203","30171",0,0
"4204","30171",0,0
"4205","30171",0,0
"4206","30171",0,0
"4207","30171",0,0
"4208","30171",0,0
"4209","30171",0,0
"4210","30171",0,0
"4211","30171",0,0
"4212","30171",0,0
"4213","30171",0,0
"4214","30171",0,0
"4215","30171",0,0
"4216","30171",0,0
"4217","30171",0,0
"4218","30171",0,0
"4219","30171",0,0
"4220","30171",0,0
"4221","30171",0,0
"4222","30171",0,0
"4223","30171",0,0
"4224","30171",0,0
"4225","30171",0,0
"4226","30171",0,0
"4227","30171",0,0
"4228","30171",0,0
"4229","30171",0,0
"4230","30171",0,0
